	title	link	published	category
0	Медведева высказалась о возвращении на турниры	https://lenta.ru/news/2022/12/25/medvedeva/	Sun, 25 Dec 2022 20:35:39 +0300	Спорт
1	Трамп назвал Байдена умственно отсталым	https://lenta.ru/news/2022/12/25/umstot/	Sun, 25 Dec 2022 20:33:00 +0300	Мир
2	На Украине заявили о международной помощи на 1,5 миллиарда долларов	https://lenta.ru/news/2022/12/25/energosistema/	Sun, 25 Dec 2022 20:18:00 +0300	Бывший СССР
3	Россия выдала Минску 16 виновных в экстремизме белорусов	https://lenta.ru/news/2022/12/25/belarus_rus/	Sun, 25 Dec 2022 20:10:00 +0300	Бывший СССР
4	Бывший одноклубник Роналду оценил его способность соблюдать дисциплину	https://lenta.ru/news/2022/12/25/ronaldo/	Sun, 25 Dec 2022 20:03:00 +0300	Спорт
5	В США увидели отчаяние в рождественском поздравлении Зеленского	https://lenta.ru/news/2022/12/25/zalotch/	Sun, 25 Dec 2022 20:02:00 +0300	Интернет и СМИ
6	Жителей Нью-Йорка призвали экономить свет и газ из-за холодов	https://lenta.ru/news/2022/12/25/beregi/	Sun, 25 Dec 2022 19:49:00 +0300	Экономика
7	Захарова назвала причину роста антисемитизма в США	https://lenta.ru/news/2022/12/25/zahantisem/	Sun, 25 Dec 2022 19:48:00 +0300	Мир
8	Кириенко назвал гарантию победы России	https://lenta.ru/news/2022/12/25/kirienko_vera/	Sun, 25 Dec 2022 19:37:00 +0300	Россия
9	Карл III впервые поздравил англичан с Рождеством	https://lenta.ru/news/2022/12/25/krizis/	Sun, 25 Dec 2022 19:27:00 +0300	Из жизни
10	Неходячий пенсионер спасся во время пожара в кемеровском приюте	https://lenta.ru/news/2022/12/25/pensioner_fire/	Sun, 25 Dec 2022 19:21:00 +0300	Россия
11	В столице Афганистана произошел взрыв	https://lenta.ru/news/2022/12/25/vzr_vzr/	Sun, 25 Dec 2022 19:13:00 +0300	Мир
12	Pink Floyd собрали более 500 тысяч евро с продаж первого за 28 лет трека	https://lenta.ru/news/2022/12/25/pinkfloyd/	Sun, 25 Dec 2022 19:04:00 +0300	Культура
13	Число погибших из-за снежной бури в США возросло	https://lenta.ru/news/2022/12/25/28burya/	Sun, 25 Dec 2022 18:54:00 +0300	Мир
14	Новак заявил об ожидании Россией окончательных параметров эмбарго ЕС	https://lenta.ru/news/2022/12/25/novak3/	Sun, 25 Dec 2022 18:53:00 +0300	Экономика
15	В Турции россиянин разбился насмерть при попытке сделать селфи	https://lenta.ru/news/2022/12/25/selfi/	Sun, 25 Dec 2022 18:49:00 +0300	Мир
16	На Украине сообщили о планах дважды поднять тарифы на воду в 2023 году	https://lenta.ru/news/2022/12/25/ukr_water/	Sun, 25 Dec 2022 18:47:00 +0300	Бывший СССР
17	Шансы разморозки золотовалютных резервов России оценили	https://lenta.ru/news/2022/12/25/chance/	Sun, 25 Dec 2022 18:45:00 +0300	Экономика
18	Чимаев раскрыл детали следующего боя	https://lenta.ru/news/2022/12/25/chimaev/	Sun, 25 Dec 2022 18:40:00 +0300	Спорт
19	Во Франции настояли на мирных переговорах Украины и России	https://lenta.ru/news/2022/12/25/fran_fran/	Sun, 25 Dec 2022 18:39:00 +0300	Мир
20	Рогозин рассказал о пострадавших при обстреле сотрудниках гостиницы	https://lenta.ru/news/2022/12/25/rogozin_obstrel/	Sun, 25 Dec 2022 18:26:00 +0300	Россия
21	В ЕС частично восстановились объемы туристических поездок	https://lenta.ru/news/2022/12/25/tour_es/	Sun, 25 Dec 2022 18:25:00 +0300	Путешествия
22	В Британии пьяные Санта-Клаусы на БТР заблокировали въезд в деревню	https://lenta.ru/news/2022/12/25/drunksanta/	Sun, 25 Dec 2022 18:21:00 +0300	Мир
23	Терапевт рассказала о способах избежать похмелья	https://lenta.ru/news/2022/12/25/hangover/	Sun, 25 Dec 2022 18:15:00 +0300	Забота о себе
24	В Госдуме посоветовали Украине подготовиться войти в состав России	https://lenta.ru/news/2022/12/25/plan/	Sun, 25 Dec 2022 18:01:00 +0300	Бывший СССР
25	Стало известно о сомнениях «Реала» по поводу трансфера Мбаппе	https://lenta.ru/news/2022/12/25/mbappe/	Sun, 25 Dec 2022 17:58:00 +0300	Спорт
26	Опубликовано видео поражения гаубицы НАТО с помощью БПЛА «Ланцет»	https://lenta.ru/news/2022/12/25/nato_lancet/	Sun, 25 Dec 2022 17:52:54 +0300	Россия
27	Москвичам предрекли метель и ухудшение видимости на дорогах	https://lenta.ru/news/2022/12/25/snova_zima/	Sun, 25 Dec 2022 17:51:00 +0300	Россия
28	Пожар в российском многоквартирном доме сняли на видео	https://lenta.ru/news/2022/12/25/pojar_irkutsk/	Sun, 25 Dec 2022 17:45:13 +0300	Россия
29	Певица Гречка попала в больницу	https://lenta.ru/news/2022/12/25/grechka/	Sun, 25 Dec 2022 17:38:12 +0300	Культура
30	В ЦСКА завили о готовности Фернандеса продлить контракт с клубом	https://lenta.ru/news/2022/12/25/fernandes/	Sun, 25 Dec 2022 17:34:40 +0300	Спорт
31	Река Днестр оказалась загрязнена нефтепродуктами	https://lenta.ru/news/2022/12/25/zagryaznenie/	Sun, 25 Dec 2022 17:32:24 +0300	Бывший СССР
32	ООН осудила решение талибов отстранить женщин от работы в НПО	https://lenta.ru/news/2022/12/25/oon_talib/	Sun, 25 Dec 2022 17:30:00 +0300	Мир
33	Подполковник ВСУ заявил о массовом дезертирстве в своем подразделении	https://lenta.ru/news/2022/12/25/szch/	Sun, 25 Dec 2022 17:20:00 +0300	Бывший СССР
34	Улицу в Кременчуге назвали именем главы украинских националистов	https://lenta.ru/news/2022/12/25/kremen4ug/	Sun, 25 Dec 2022 17:16:00 +0300	Бывший СССР
35	На сухогрузном судне у берегов Турции произошел взрыв	https://lenta.ru/news/2022/12/25/blast/	Sun, 25 Dec 2022 17:12:23 +0300	Мир
36	Новак заявил о провоцировании кризиса в Европе из-за потолка цен на газ	https://lenta.ru/news/2022/12/25/novak_gaz/	Sun, 25 Dec 2022 17:05:00 +0300	Экономика
37	Защитившего девушку россиянина жестоко избили на популярном курорте Таиланда	https://lenta.ru/news/2022/12/25/thai_tourists/	Sun, 25 Dec 2022 17:01:36 +0300	Путешествия
38	Хореограф Тутберидзе заявил о сбежавшей с чемпионата России Трусовой	https://lenta.ru/news/2022/12/25/jeleznykov/	Sun, 25 Dec 2022 16:54:59 +0300	Спорт
39	Иран захотел помочь афганским женщинам в образовании	https://lenta.ru/news/2022/12/25/hazali_hazali/	Sun, 25 Dec 2022 16:50:00 +0300	Мир
40	Новак предупредил о дефиците газа в Европе	https://lenta.ru/news/2022/12/25/novvvak/	Sun, 25 Dec 2022 16:33:00 +0300	Экономика
41	Девушка с необычной фобией боялась мишуры в течение 20 лет	https://lenta.ru/news/2022/12/25/tinsel/	Sun, 25 Dec 2022 16:28:00 +0300	Из жизни
42	Бывший депутат Рады посоветовал украинцам бежать из страны	https://lenta.ru/news/2022/12/25/begstvo/	Sun, 25 Dec 2022 16:01:00 +0300	Бывший СССР
43	Украинские военные попали под «огненный дождь» в Марьинке	https://lenta.ru/news/2022/12/25/marienka/	Sun, 25 Dec 2022 15:59:00 +0300	Россия
44	В офисе Зеленского допустили прекращение поддержки Украины со стороны США	https://lenta.ru/news/2022/12/25/usa_support/	Sun, 25 Dec 2022 15:55:00 +0300	Бывший СССР
45	По всей Украине дважды за день объявили воздушную тревогу	https://lenta.ru/news/2022/12/25/again_again/	Sun, 25 Dec 2022 15:55:00 +0300	Бывший СССР
46	В России объяснили слова Путина о приемлемых развязках с Украиной	https://lenta.ru/news/2022/12/25/chepa/	Sun, 25 Dec 2022 15:55:00 +0300	Бывший СССР
47	Кадыров сообщил о прибытии в Чечню Кириенко и Трутнева	https://lenta.ru/news/2022/12/25/kadyrov/	Sun, 25 Dec 2022 15:51:25 +0300	Россия
48	Представлена сборная самых дорогих футболистов мира	https://lenta.ru/news/2022/12/25/team_rich/	Sun, 25 Dec 2022 15:51:00 +0300	Спорт
49	Парижский стрелок планировал поехать в пригород «убивать иностранцев»	https://lenta.ru/news/2022/12/25/strelok_plan/	Sun, 25 Dec 2022 15:48:00 +0300	Мир
50	В Иране ответили на угрозы атаки Украины	https://lenta.ru/news/2022/12/25/ataka_iran/	Sun, 25 Dec 2022 15:47:00 +0300	Мир
51	В Санкт-Петербурге ограбили Деда Мороза	https://lenta.ru/news/2022/12/25/voting/	Sun, 25 Dec 2022 15:35:00 +0300	Россия
52	ВСУ при обстреле повредили здание химического завода «Стирол» в Донецке	https://lenta.ru/news/2022/12/25/stirol/	Sun, 25 Dec 2022 15:30:00 +0300	Россия
53	Организатор кемеровского приюта не пустил пожарного инспектора для проверки	https://lenta.ru/news/2022/12/25/pojar_proverka/	Sun, 25 Dec 2022 15:16:00 +0300	Россия
54	12-летний подросток с сообщниками задушил и ограбил супругов	https://lenta.ru/news/2022/12/25/murder/	Sun, 25 Dec 2022 15:03:00 +0300	Из жизни
55	В ДНР беспилотник обратил в бегство отряд ВСУ и попал на видео	https://lenta.ru/news/2022/12/25/begom_begom/	Sun, 25 Dec 2022 15:01:00 +0300	Россия
56	Большинство немцев выступили против поставок боевых танков Украине	https://lenta.ru/news/2022/12/25/tanki_protiv/	Sun, 25 Dec 2022 14:54:00 +0300	Мир
57	Китай провел военные учения со стрельбами и патрулирование около острова Тайвань	https://lenta.ru/news/2022/12/25/china_uchenie/	Sun, 25 Dec 2022 14:49:00 +0300	Мир
58	Туктамышева сравнила призовые на чемпионатах России и мира	https://lenta.ru/news/2022/12/25/tuktik/	Sun, 25 Dec 2022 14:48:00 +0300	Спорт
59	Шойгу заявил о противодействии сил Запада российским войскам на Украине	https://lenta.ru/news/2022/12/25/shoygu_zapad/	Sun, 25 Dec 2022 14:46:00 +0300	Россия
60	На востоке и в центре Украины снова объявили воздушную тревогу	https://lenta.ru/news/2022/12/25/snova_ona/	Sun, 25 Dec 2022 14:41:00 +0300	Бывший СССР
61	Переехавшая в Аргентину россиянка описала страну фразой «жизнь тут не танго»	https://lenta.ru/news/2022/12/25/argentina/	Sun, 25 Dec 2022 14:38:00 +0300	Путешествия
62	57-летняя актриса снялась в откровенном наряде в честь Рождества	https://lenta.ru/news/2022/12/25/eliza/	Sun, 25 Dec 2022 14:32:00 +0300	Ценности
63	«Человек-слон» рассказал о своем заболевании	https://lenta.ru/news/2022/12/25/elephant_man/	Sun, 25 Dec 2022 14:31:00 +0300	Ценности
64	Турция и Россия обсудили открытие воздушного пространства Сирии для ВВС	https://lenta.ru/news/2022/12/25/turkish_rus/	Sun, 25 Dec 2022 14:27:00 +0300	Россия
65	Раздачу повесток на улицах Украины сняли на видео	https://lenta.ru/news/2022/12/25/povestka_ukr/	Sun, 25 Dec 2022 14:17:00 +0300	Бывший СССР
66	Косметолог сделала операцию по уменьшению щек и осталась с волдырями во рту	https://lenta.ru/news/2022/12/25/plastic/	Sun, 25 Dec 2022 14:09:00 +0300	Ценности
67	Умер бывший главнокомандующий сухопутными войсками ВС РФ	https://lenta.ru/news/2022/12/25/maslov/	Sun, 25 Dec 2022 14:03:00 +0300	Россия
68	Минобороны доложило о разбитом месте дислокации наемников вблизи Артемовска	https://lenta.ru/news/2022/12/25/artemovsk_kk/	Sun, 25 Dec 2022 13:59:00 +0300	Россия
69	В ЛНР заявили о переброске подкрепления ВСУ под Сватово	https://lenta.ru/news/2022/12/25/perebroska/	Sun, 25 Dec 2022 13:52:00 +0300	Россия
70	Российские военные поразили две ротные группы ВСУ на южно-донецком направлении	https://lenta.ru/news/2022/12/25/vsu_rus/	Sun, 25 Dec 2022 13:50:00 +0300	Россия
71	Левандовски оценил победу Месси на чемпионате мира-2022	https://lenta.ru/news/2022/12/25/robert/	Sun, 25 Dec 2022 13:48:00 +0300	Спорт
72	Появились кадры подготовки танков «Армата» в зоне СВО	https://lenta.ru/news/2022/12/25/armata/	Sun, 25 Dec 2022 13:42:00 +0300	Наука и техника
73	В Минобороны назвали потери ВСУ на купянском направлении	https://lenta.ru/news/2022/12/25/napravlenie/	Sun, 25 Dec 2022 13:36:00 +0300	Мир
74	Российские военные сбили пять беспилотников ВСУ в ЛНР, ДНР и Запорожской области	https://lenta.ru/news/2022/12/25/vsu_minus/	Sun, 25 Dec 2022 13:32:00 +0300	Россия
75	Российские военные уничтожили украинские РСЗО «Ураган» и «Град»	https://lenta.ru/news/2022/12/25/sever_rszo/	Sun, 25 Dec 2022 13:30:00 +0300	Россия
76	Российские войска поразили две ротные группы ВСУ на краснолиманском направлении	https://lenta.ru/news/2022/12/25/2rot/	Sun, 25 Dec 2022 13:26:00 +0300	Россия
77	В Кремле назвали неприемлемыми любые потолки цен на энергоресурсы	https://lenta.ru/news/2022/12/25/peskov_potolok/	Sun, 25 Dec 2022 13:22:00 +0300	Россия
78	Песков опроверг взаимодействие России и Белоруссии против стран третьего мира	https://lenta.ru/news/2022/12/25/strana_mira/	Sun, 25 Dec 2022 13:18:00 +0300	Россия
79	Путин заявил о способности России уничтожить комплексы Patriot на Украине	https://lenta.ru/news/2022/12/25/patriot/	Sun, 25 Dec 2022 13:14:00 +0300	Россия
80	Лавров назвал главный итог 2022 года	https://lenta.ru/news/2022/12/25/lavrov_lavrov/	Sun, 25 Dec 2022 13:12:00 +0300	Мир
81	Оценены перспективы сокращения добычи нефти Россией	https://lenta.ru/news/2022/12/25/perspektivy/	Sun, 25 Dec 2022 13:10:00 +0300	Экономика
82	Турция обвинила Францию в поддержке террористов	https://lenta.ru/news/2022/12/25/terror/	Sun, 25 Dec 2022 13:06:00 +0300	Мир
83	В Кремле назвали абсурдной обеспокоенность Германии визитом Путина в Минск	https://lenta.ru/news/2022/12/25/peskov/	Sun, 25 Dec 2022 13:03:00 +0300	Россия
84	Лукашенко вылетел в Санкт-Петербург на неформальный саммит глав СНГ	https://lenta.ru/news/2022/12/25/lukashenko_piter/	Sun, 25 Dec 2022 13:02:00 +0300	Бывший СССР
85	Путин ответил на вопрос о приближении России к опасной черте на Украине	https://lenta.ru/news/2022/12/25/cherta/	Sun, 25 Dec 2022 13:00:00 +0300	Россия
86	Российский военный взорвал гранату во время массовой драки	https://lenta.ru/news/2022/12/25/drakaa/	Sun, 25 Dec 2022 12:58:00 +0300	Россия
87	Путин назвал объединение русского народа целью Российской Федерации	https://lenta.ru/news/2022/12/25/putin/	Sun, 25 Dec 2022 12:51:00 +0300	Россия
88	Путин назвал принцип политики оппонентов России	https://lenta.ru/news/2022/12/25/razdelvlast/	Sun, 25 Dec 2022 12:47:00 +0300	Россия
89	Капелло назвал идиотом вратаря сборной Аргентины по футболу	https://lenta.ru/news/2022/12/25/kapello/	Sun, 25 Dec 2022 12:47:00 +0300	Спорт
90	Путин заявил о растаскивании исторической России	https://lenta.ru/news/2022/12/25/rastash_rus/	Sun, 25 Dec 2022 12:46:00 +0300	Россия
91	Путин заявил о готовности к переговорам со всеми сторонами конфликта на Украине	https://lenta.ru/news/2022/12/25/peregovory/	Sun, 25 Dec 2022 12:45:00 +0300	Россия
92	Госкомиссия Китая перестала давать данные о зараженных коронавирусом	https://lenta.ru/news/2022/12/25/covid/	Sun, 25 Dec 2022 12:31:00 +0300	Мир
93	Пригожин навестил в больнице пострадавшего при теракте главу Русского дома	https://lenta.ru/news/2022/12/25/prigozhin_sytiy/	Sun, 25 Dec 2022 12:28:00 +0300	Мир
94	Новак оценил возможность ремонта «Северных потоков»	https://lenta.ru/news/2022/12/25/novak_potok/	Sun, 25 Dec 2022 12:27:00 +0300	Экономика
95	В России призвали больше строить СПГ-заводов	https://lenta.ru/news/2022/12/25/new_zavod/	Sun, 25 Dec 2022 12:16:00 +0300	Экономика
96	Илон Маск заявил об отсутствии угрозы банкротства Twitter	https://lenta.ru/news/2022/12/25/masktwit/	Sun, 25 Dec 2022 12:05:00 +0300	Интернет и СМИ
97	Вероятность ЕС попасть в газовую зависимость от Катара оценили	https://lenta.ru/news/2022/12/25/depends/	Sun, 25 Dec 2022 11:59:00 +0300	Мир
98	Исследователи выяснили отношение Армении к притоку россиян в страну	https://lenta.ru/news/2022/12/25/armenia_pritok/	Sun, 25 Dec 2022 11:57:00 +0300	Бывший СССР
99	Тренер сборной России оценил второе место Овечкина в рейтинге снайперов НХЛ	https://lenta.ru/news/2022/12/25/jamnov/	Sun, 25 Dec 2022 11:52:00 +0300	Спорт
100	В Севастополе из моря выловили забывшую свое имя девушку	https://lenta.ru/news/2022/12/25/more_imya/	Sun, 25 Dec 2022 11:38:00 +0300	Россия
101	Глава офиса Зеленского заявил о планах Киева вернуть Крым в 2023 году	https://lenta.ru/news/2022/12/25/crimea/	Sun, 25 Dec 2022 11:38:00 +0300	Мир
102	Новак предсказал новый виток энергокризиса	https://lenta.ru/news/2022/12/25/novak/	Sun, 25 Dec 2022 11:37:00 +0300	Экономика
103	В Японии признали советский Ан-12 шедевральным	https://lenta.ru/news/2022/12/25/an_12/	Sun, 25 Dec 2022 11:28:00 +0300	Наука и техника
104	Немцы раскритиковали рождественское видеопоздравление Зеленского	https://lenta.ru/news/2022/12/25/zelenskiy/	Sun, 25 Dec 2022 11:06:00 +0300	Мир
105	В России выявили 6595 новых заболевших COVID-19	https://lenta.ru/news/2022/12/25/covo_covo/	Sun, 25 Dec 2022 11:03:00 +0300	Россия
106	Силуанов назвал санкции против России выгодными США	https://lenta.ru/news/2022/12/25/siluanov/	Sun, 25 Dec 2022 10:54:00 +0300	Экономика
107	Тренер «Манчестер Юнайтед» выступил с обвинениями в адрес Роналду	https://lenta.ru/news/2022/12/25/haag/	Sun, 25 Dec 2022 10:53:00 +0300	Спорт
108	В Киеве прогремели взрывы	https://lenta.ru/news/2022/12/25/vzrivi/	Sun, 25 Dec 2022 10:52:00 +0300	Бывший СССР
109	По всей Украине объявлена воздушная тревога	https://lenta.ru/news/2022/12/25/trevoga/	Sun, 25 Dec 2022 10:32:00 +0300	Бывший СССР
110	В Молдавии посчитали угрозой заявление России о сотрудничестве Кишинева с НАТО	https://lenta.ru/news/2022/12/25/ugroza/	Sun, 25 Dec 2022 10:23:00 +0300	Бывший СССР
111	Россия отказалась поставлять нефть по назначенным Западом ценам	https://lenta.ru/news/2022/12/25/oil/	Sun, 25 Dec 2022 10:13:00 +0300	Экономика
112	В Запорожье создали эшелонированную линию обороны	https://lenta.ru/news/2022/12/25/liniya/	Sun, 25 Dec 2022 10:10:00 +0300	Россия
113	Девушка забыла вынуть тампон и проходила с ним два года	https://lenta.ru/news/2022/12/25/tampon/	Sun, 25 Dec 2022 10:05:00 +0300	Из жизни
114	В Британии раскритиковали ультиматум Байдена в адрес Лондона	https://lenta.ru/news/2022/12/25/ultim/	Sun, 25 Dec 2022 09:52:45 +0300	Мир
115	Член Зала славы UFC умер в 45 лет	https://lenta.ru/news/2022/12/25/bonnar/	Sun, 25 Dec 2022 09:46:01 +0300	Спорт
116	Бузова познакомилась с Песковым и назвала его своим поклонником	https://lenta.ru/news/2022/12/25/buzovaa/	Sun, 25 Dec 2022 09:32:26 +0300	Культура
117	Медик рассказал о спасении российских и украинских военных на фронте	https://lenta.ru/news/2022/12/25/kasper/	Sun, 25 Dec 2022 09:28:00 +0300	Россия
118	Володин предложил повысить налоги для покинувших страну россиян	https://lenta.ru/news/2022/12/25/volodin/	Sun, 25 Dec 2022 09:17:00 +0300	Россия
119	В Уфе пройдет фестиваль новогодних каникул	https://lenta.ru/news/2022/12/25/nyearfest/	Sun, 25 Dec 2022 09:00:09 +0300	Моя страна
120	Россиянам рассказали о важных деталях при покупке подержанного смартфона	https://lenta.ru/news/2022/12/25/busmart/	Sun, 25 Dec 2022 08:58:54 +0300	Наука и техника
121	Во Франции удивились обилию предметов роскоши в российских магазинах	https://lenta.ru/news/2022/12/25/roskosh/	Sun, 25 Dec 2022 08:54:00 +0300	Экономика
122	На Украине решили возродить полк «Азов»	https://lenta.ru/news/2022/12/25/azov/	Sun, 25 Dec 2022 08:52:02 +0300	Бывший СССР
123	Названа причина пожара в российском ночном клубе	https://lenta.ru/news/2022/12/25/izunique/	Sun, 25 Dec 2022 08:31:24 +0300	Россия
124	В России предложили сократить новогодние праздники на время спецоперации	https://lenta.ru/news/2022/12/25/prazdniki/	Sun, 25 Dec 2022 08:23:00 +0300	Россия
125	Китай заявил о серьезных трудностях в отношениях с США	https://lenta.ru/news/2022/12/25/trudnosti/	Sun, 25 Dec 2022 08:17:52 +0300	Мир
126	В ЛНР заявили о переброске дополнительных сил Киева на сватовское направление	https://lenta.ru/news/2022/12/25/perebros/	Sun, 25 Dec 2022 08:10:00 +0300	Россия
127	Опубликована вступительная сцена из приквела «Ведьмака»	https://lenta.ru/news/2022/12/25/scene/	Sun, 25 Dec 2022 08:05:00 +0300	Культура
128	Германии предрекли зависимость из-за отказа от российского газа	https://lenta.ru/news/2022/12/25/otkaz/	Sun, 25 Dec 2022 08:03:40 +0300	Интернет и СМИ
129	Прокуратура проверит сообщения о пожаре в российском ночном клубе	https://lenta.ru/news/2022/12/25/vdkpozhar/	Sun, 25 Dec 2022 07:43:12 +0300	Силовые структуры
130	ВСУ нанесли удар по Михайловке из HIMARS	https://lenta.ru/news/2022/12/25/vsu/	Sun, 25 Dec 2022 07:37:00 +0300	Россия
131	Названо количество отправленных Деду Морозу писем	https://lenta.ru/news/2022/12/25/pochtaded/	Sun, 25 Dec 2022 07:16:01 +0300	Россия
132	Устроившим поджог в российском военкомате оказался экс-депутат	https://lenta.ru/news/2022/12/25/podzheg/	Sun, 25 Dec 2022 07:03:00 +0300	Силовые структуры
133	Российская футболистка сравнила зарплаты в женской и мужской командах	https://lenta.ru/news/2022/12/25/petrova/	Sun, 25 Dec 2022 07:00:31 +0300	Спорт
134	В ООН предупредили о последствиях запрета на работу женщин в НПО Афганистана	https://lenta.ru/news/2022/12/25/oon/	Sun, 25 Dec 2022 06:58:00 +0300	Мир
135	Байден с никелированной миской в руках нарядил елку к Рождеству	https://lenta.ru/news/2022/12/25/miska/	Sun, 25 Dec 2022 06:54:07 +0300	Мир
136	В Китае заявили о крепких отношениях с Россией	https://lenta.ru/news/2022/12/25/otnosheniya/	Sun, 25 Dec 2022 06:48:00 +0300	Мир
137	Терапевт предупредила о болезнях сердца из-за гриппа	https://lenta.ru/news/2022/12/25/heartorvi/	Sun, 25 Dec 2022 06:39:00 +0300	Забота о себе
138	Названо слабое место Европы перед Россией в новой торговой войне	https://lenta.ru/news/2022/12/25/epizod/	Sun, 25 Dec 2022 06:39:00 +0300	Экономика
139	В США рассказали о потребности России в атомном авианосце	https://lenta.ru/news/2022/12/25/ncg9m/	Sun, 25 Dec 2022 06:30:11 +0300	Наука и техника
140	Пожар в российском ночном клубе попал на видео	https://lenta.ru/news/2022/12/25/vladivostok/	Sun, 25 Dec 2022 06:28:30 +0300	Россия
141	Диетолог рассказала о важных витаминах зимой	https://lenta.ru/news/2022/12/25/vitaminy/	Sun, 25 Dec 2022 06:17:27 +0300	Забота о себе
142	Умер экс-глава МИД Италии Франко Фраттини	https://lenta.ru/news/2022/12/25/fratinni/	Sun, 25 Dec 2022 06:12:06 +0300	Мир
143	Британцы захотели отобрать свои дома у украинских беженцев на Рождество	https://lenta.ru/news/2022/12/25/home_sweet_home/	Sun, 25 Dec 2022 06:04:22 +0300	Мир
144	ОАЭ передадут Украине 2,5 тысячи электрогенераторов	https://lenta.ru/news/2022/12/25/oae/	Sun, 25 Dec 2022 05:32:56 +0300	Мир
145	Российские разведчики нанесли удар по ВСУ на Купянском направлении	https://lenta.ru/news/2022/12/25/kupyansk/	Sun, 25 Dec 2022 05:25:00 +0300	Россия
146	Режиссер «Русалочки» прокомментировал выбор темнокожей актрисы на главную роль	https://lenta.ru/news/2022/12/25/role/	Sun, 25 Dec 2022 05:21:29 +0300	Культура
147	В США признали ошибки в течение 30 лет по всем ключевым глобальным вопросам	https://lenta.ru/news/2022/12/25/mistakes/	Sun, 25 Dec 2022 05:16:27 +0300	Интернет и СМИ
148	В США из-за снежной бури погибли 23 человека	https://lenta.ru/news/2022/12/25/usa/	Sun, 25 Dec 2022 05:02:00 +0300	Мир
149	В Киеве возмутились сравнением Зеленского с управляющим стриптиз-клуба	https://lenta.ru/news/2022/12/25/kievotvet/	Sun, 25 Dec 2022 04:57:00 +0300	Бывший СССР
150	Нейросеть создала прототип «советского айфона»	https://lenta.ru/news/2022/12/25/ussriphone/	Sun, 25 Dec 2022 04:55:00 +0300	Наука и техника
151	Ученые выявили признаки щедрого мужчины	https://lenta.ru/news/2022/12/25/shedriymuzh/	Sun, 25 Dec 2022 04:44:00 +0300	Наука и техника
152	Популярный iPhone подешевел в России	https://lenta.ru/news/2022/12/25/deshevo/	Sun, 25 Dec 2022 04:30:25 +0300	Наука и техника
153	Американский телеведущий назвал главную ложь года о России	https://lenta.ru/news/2022/12/25/lie/	Sun, 25 Dec 2022 04:24:00 +0300	Интернет и СМИ
154	Россияне во время корпоратива заперли коллегу в сейфе и не смогли его освободить	https://lenta.ru/news/2022/12/25/seif/	Sun, 25 Dec 2022 03:59:42 +0300	Россия
155	Венгрия предупредила об «опасной ситуации» из-за роста цен на энергоносители	https://lenta.ru/news/2022/12/25/orban/	Sun, 25 Dec 2022 03:58:05 +0300	Мир
156	США прокомментировали решение талибов отстранить женщин от работы в НПО	https://lenta.ru/news/2022/12/25/npo/	Sun, 25 Dec 2022 03:52:47 +0300	Мир
157	Юрист предупредила россиян об опасных кредитах	https://lenta.ru/news/2022/12/25/kredity/	Sun, 25 Dec 2022 03:39:39 +0300	Россия
158	Премьер-министр Белоруссии заявил о дефляции в стране	https://lenta.ru/news/2022/12/25/deflation/	Sun, 25 Dec 2022 03:31:10 +0300	Бывший СССР
159	Эрдоган пообещал новые данные по газовому месторождению в Черном море	https://lenta.ru/news/2022/12/25/erdogan/	Sun, 25 Dec 2022 03:20:41 +0300	Мир
160	Король Испании назвал конфликт на Украине причиной энергокризиса	https://lenta.ru/news/2022/12/25/spain/	Sun, 25 Dec 2022 03:09:00 +0300	Экономика
161	Стало известно о планах Netflix выпустить аниме-сериал по «Очень странным делам»	https://lenta.ru/news/2022/12/25/anime/	Sun, 25 Dec 2022 03:08:00 +0300	Культура
162	В российском городе участников СВО не пустили в кафе из-за военной формы	https://lenta.ru/news/2022/12/25/forma/	Sun, 25 Dec 2022 02:57:55 +0300	Россия
163	Российский пенсионер отрубил голову соседке в ответ на замечание	https://lenta.ru/news/2022/12/25/thin/	Sun, 25 Dec 2022 02:51:54 +0300	Силовые структуры
164	Аналитик назвал главную цель обвала курса рубля	https://lenta.ru/news/2022/12/25/ruble/	Sun, 25 Dec 2022 02:37:00 +0300	Экономика
165	Германия попала в западню из-за отказа от российского газа	https://lenta.ru/news/2022/12/25/zapadnya/	Sun, 25 Dec 2022 02:20:00 +0300	Мир
166	Погибшего в Канаде 18-летнего российского хоккеиста похоронили в Торонто	https://lenta.ru/news/2022/12/25/kazbekov/	Sun, 25 Dec 2022 02:03:37 +0300	Спорт
167	Подозреваемого в убийстве россиянки задержали в Армении	https://lenta.ru/news/2022/12/25/gumrizaderzhali/	Sun, 25 Dec 2022 01:54:00 +0300	Бывший СССР
168	Капитан хоккейного клуба возмутился реакцией зрителей на гимн России в Астане	https://lenta.ru/news/2022/12/25/astana/	Sun, 25 Dec 2022 01:50:24 +0300	Спорт
169	Дочь солиста группы «На-На» выписали из больницы	https://lenta.ru/news/2022/12/24/politov/	Sun, 25 Dec 2022 01:39:18 +0300	Культура
170	Российский военный заманил бойцов ВСУ в ловушку	https://lenta.ru/news/2022/12/25/somov/	Sun, 25 Dec 2022 01:17:04 +0300	Россия
171	Трибуна со зрителями обрушилась во время баскетбольного матча в Египте	https://lenta.ru/news/2022/12/25/tribuna/	Sun, 25 Dec 2022 01:07:29 +0300	Спорт
172	В Израиле сообщили о планах России помешать Украине получить самую передовую ПВО	https://lenta.ru/news/2022/12/25/pvo/	Sun, 25 Dec 2022 01:06:26 +0300	Интернет и СМИ
173	Захарова порадовалась дню без политических новостей	https://lenta.ru/news/2022/12/25/mashapovzroslela/	Sun, 25 Dec 2022 01:03:00 +0300	Мир
174	Талибы запретили женщинам работать в НПО	https://lenta.ru/news/2022/12/25/womenafganistan/	Sun, 25 Dec 2022 00:55:00 +0300	Мир
175	Норвежский лыжник оценил отсутствие россиян на международных турнирах	https://lenta.ru/news/2022/12/25/nortug/	Sun, 25 Dec 2022 00:34:21 +0300	Спорт
176	Все застрявшие в Египте россияне вернулись домой	https://lenta.ru/news/2022/12/25/hurgada/	Sun, 25 Dec 2022 00:33:00 +0300	Путешествия
177	В Китае напомнили о планах по высадке на Луну	https://lenta.ru/news/2022/12/25/nc0m/	Sun, 25 Dec 2022 00:30:13 +0300	Наука и техника
178	Санта-Клаус пролетел над Москвой	https://lenta.ru/news/2022/12/25/nadmoskvoy/	Sun, 25 Dec 2022 00:02:43 +0300	Мир
179	Овечкин ответил на вопрос о погоне за рекордом Гретцки	https://lenta.ru/news/2022/12/24/ovechkin_gretzky/	Sat, 24 Dec 2022 23:59:00 +0300	Спорт
180	Добыча природного газа в США рекордно упала	https://lenta.ru/news/2022/12/24/upala/	Sat, 24 Dec 2022 23:53:00 +0300	Экономика
181	Генри Кавилла обвинили в «токсичном» отношении к женщинам на съемках «Ведьмака»	https://lenta.ru/news/2022/12/24/henry/	Sat, 24 Dec 2022 23:49:00 +0300	Культура
182	Принц Гарри и Меган Маркл ответили на извинения газеты Sun	https://lenta.ru/news/2022/12/24/klarkson/	Sat, 24 Dec 2022 23:41:00 +0300	Мир
183	Россия направит 800 миллионов рублей на поставки пшеницы Кубе	https://lenta.ru/news/2022/12/24/kuba/	Sat, 24 Dec 2022 23:33:00 +0300	Экономика
184	Суд арестовал обманувшего сына Олега Табакова гендиректора российской компании	https://lenta.ru/news/2022/12/24/korotkix/	Sat, 24 Dec 2022 23:28:00 +0300	Силовые структуры
185	В США на заснеженном шоссе столкнулись десятки автомобилей	https://lenta.ru/news/2022/12/24/desyatkiauto/	Sat, 24 Dec 2022 23:04:00 +0300	Мир
186	В России создали модификацию высокоточного снаряда «Краснополь»	https://lenta.ru/news/2022/12/24/krasnopol/	Sat, 24 Dec 2022 22:57:00 +0300	Наука и техника
187	Израиль предупредил о планах России помешать Киеву получить самую передовую ПВО	https://lenta.ru/news/2022/12/24/yakov/	Sat, 24 Dec 2022 22:50:00 +0300	Мир
188	В Китае за сутки коронавирусом заразились 37 миллионов человек	https://lenta.ru/news/2022/12/24/china/	Sat, 24 Dec 2022 22:40:00 +0300	Мир
189	Российский хоккеист умер во время матча	https://lenta.ru/news/2022/12/24/hockey/	Sat, 24 Dec 2022 22:22:00 +0300	Спорт
190	Парижского стрелка перевели в психиатрическую больницу	https://lenta.ru/news/2022/12/24/psihbolnitsa/	Sat, 24 Dec 2022 22:14:00 +0300	Мир
191	Американский генерал заявил об огромных потерях ВСУ и большой опасности	https://lenta.ru/news/2022/12/24/velikaya/	Sat, 24 Dec 2022 22:09:00 +0300	Мир
192	Военкор показал последствия обстрела ВСУ больницы в Донецке	https://lenta.ru/news/2022/12/24/donetzk/	Sat, 24 Dec 2022 22:05:00 +0300	Россия
193	Врач назвала самую вредную кашу для пожилых людей	https://lenta.ru/news/2022/12/24/kasha/	Sat, 24 Dec 2022 22:00:00 +0300	Забота о себе
194	Названы основные конкуренты россиян за жилье в Дубае	https://lenta.ru/news/2022/12/24/konkurentydubai/	Sat, 24 Dec 2022 21:58:00 +0300	Путешествия
195	Слуцкому посоветовали попробовать себя в стендапе	https://lenta.ru/news/2022/12/24/slutskiy/	Sat, 24 Dec 2022 21:56:06 +0300	Спорт
196	Экспорт из Белоруссии в Россию достиг рекордного уровня	https://lenta.ru/news/2022/12/24/export/	Sat, 24 Dec 2022 21:47:00 +0300	Экономика
197	В Раде заявили о диверсификации энергосистемы Украины	https://lenta.ru/news/2022/12/24/sistema/	Sat, 24 Dec 2022 21:44:00 +0300	Бывший СССР
198	Новак заявил о невозможности отрезать Россию от мирового рынка энергоресурсов	https://lenta.ru/news/2022/12/24/novak/	Sat, 24 Dec 2022 21:41:16 +0300	Экономика
199	Сальдо назвал обстрел Херсона провокацией ВСУ	https://lenta.ru/news/2022/12/24/saldo/	Sat, 24 Dec 2022 21:29:00 +0300	Россия
200	Трутнев и Кириенко предложили Путину открыть в регионах центры подготовки спецназа	https://www.vedomosti.ru/politics/news/2022/12/25/956987-predlozhili-otkrit-tsentri-spetsnaza	Sun, 25 Dec 2022 20:23:39 +0300	Политика
201	Минтранс Турции: по «зерновому коридору» вывезено более 15 млн тонн агропродукции	https://www.vedomosti.ru/society/news/2022/12/25/956969-zernovomu-koridoru-vivezeno-agroproduktsii	Sun, 25 Dec 2022 19:47:06 +0300	Общество
202	Рогозину дважды в день докладывают о других пострадавших при обстреле в Донецке	https://www.vedomosti.ru/politics/news/2022/12/25/956966-rogozinu-dokladivayut-postradavshih-obstrele	Sun, 25 Dec 2022 18:31:04 +0300	Политика
203	Арестович допустил, что США могут «кинуть» Украину после 2023 года	https://www.vedomosti.ru/politics/news/2022/12/25/956965-arestovich	Sun, 25 Dec 2022 18:01:48 +0300	Политика
204	Папа Римский призвал вспомнить обо всех затяжных конфликтах в мире	https://www.vedomosti.ru/society/news/2022/12/25/956964-papa-rimskii-vspomnit-konfliktah	Sun, 25 Dec 2022 17:55:23 +0300	Общество
205	Al Hadath: у берегов Турции на сухогрузе произошел взрыв	https://www.vedomosti.ru/society/news/2022/12/25/956959-suhogruze	Sun, 25 Dec 2022 17:26:53 +0300	Общество
206	На Украине сообщили о загрязнении реки Днестр нефтепродуктами	https://www.vedomosti.ru/society/news/2022/12/25/956957-ukraine-soobschili	Sun, 25 Dec 2022 16:58:54 +0300	Общество
207	Avas: экс-президент Мальдив Абдулла Ямин признан виновным во взяточничестве	https://www.vedomosti.ru/politics/news/2022/12/25/956956-eks-prezident-maldiv-vinovnim-vzyatochnichestve	Sun, 25 Dec 2022 16:51:49 +0300	Политика
208	В Госдуме предложили считать игорный бизнес направлением туризма	https://www.vedomosti.ru/politics/news/2022/12/25/956955-gosdume	Sun, 25 Dec 2022 16:38:27 +0300	Политика
209	FT: Tesla за неделю потеряла $85 млрд рыночной стоимости	https://www.vedomosti.ru/business/news/2022/12/25/956953-tesla	Sun, 25 Dec 2022 16:14:05 +0300	Бизнес
210	В КНР сообщили о проведении военных учений у Тайваня	https://www.vedomosti.ru/politics/news/2022/12/25/956951-soobschili-provedenii	Sun, 25 Dec 2022 15:30:20 +0300	Политика
211	Большинство опрошенных граждан Германии не поддержали поставки танков Киеву	https://www.vedomosti.ru/politics/news/2022/12/25/956949-germanii	Sun, 25 Dec 2022 15:02:09 +0300	Политика
212	Умер бывший главнокомандующий Сухопутными войсками ВС России Алексей Маслов	https://www.vedomosti.ru/politics/news/2022/12/25/956947-umer-maslov	Sun, 25 Dec 2022 14:30:51 +0300	Политика
213	Минобороны сообщило об ударе по пункту дислокации иностранного подразделения	https://www.vedomosti.ru/politics/news/2022/12/25/956945-minoboroni-punktu-inostrannogo	Sun, 25 Dec 2022 14:25:36 +0300	Политика
214	Путин назвал целью России объединение русского народа	https://www.vedomosti.ru/politics/news/2022/12/25/956943-nazval-tselyu	Sun, 25 Dec 2022 13:24:55 +0300	Политика
215	Путин: 99,9% россиян готовы положить все в интересах Родины	https://www.vedomosti.ru/politics/news/2022/12/25/956942-putin	Sun, 25 Dec 2022 13:06:10 +0300	Политика
216	Пригожин посетил главу «Русского дома» в ЦАР после покушения	https://www.vedomosti.ru/politics/news/2022/12/25/956940-prigozhin-posetil	Sun, 25 Dec 2022 12:36:28 +0300	Политика
217	MPG: более 75% граждан Армении хорошо относятся к притоку россиян	https://www.vedomosti.ru/society/news/2022/12/25/956938-mpg	Sun, 25 Dec 2022 12:05:14 +0300	Общество
218	Новак спрогнозировал новый виток энергокризиса через 5-10 лет	https://www.vedomosti.ru/economics/news/2022/12/25/956936-novak-sprognoziroval	Sun, 25 Dec 2022 11:32:11 +0300	Экономика
219	В Запорожской области сообщили о создании эшелонированной линии обороны	https://www.vedomosti.ru/politics/news/2022/12/25/956935-zaporozhskoi	Sun, 25 Dec 2022 11:07:22 +0300	Политика
220	Силуанов: Россия будет искать новые рынки сбыта нефти даже при росте издержек	https://www.vedomosti.ru/economics/news/2022/12/25/956933-siluanov	Sun, 25 Dec 2022 10:42:07 +0300	Экономика
221	МИД Китая назвал отношения КНР с Россией крепкими, как монолит	https://www.vedomosti.ru/politics/news/2022/12/25/956931-mid-kitaya	Sun, 25 Dec 2022 09:56:41 +0300	Политика
222	Володин предложил повысить налоги для уехавших россиян	https://www.vedomosti.ru/politics/news/2022/12/25/956930-volodin	Sun, 25 Dec 2022 09:26:45 +0300	Политика
223	Правительство России выделило 800 млн рублей на поставки пшеницы Кубе	https://www.vedomosti.ru/politics/news/2022/12/24/956927-rossii-800-mln-pshenitsi-kube	Sat, 24 Dec 2022 22:29:42 +0300	Политика
224	Губернатор Белгородской области сообщил о ранении подростка	https://www.vedomosti.ru/society/news/2022/12/24/956924-belgorodskoi-podrostok-poluchil-ranenii-podrostka	Sat, 24 Dec 2022 21:06:33 +0300	Общество
225	Скончался гендиректор «Адмиралтейских верфей» Александр Бузаков	https://www.vedomosti.ru/society/news/2022/12/24/956922-skonchalsya-gendirektor-admiralteiskih-verfei	Sat, 24 Dec 2022 20:11:03 +0300	Общество
226	МЧС: причиной быстрого развития пожара в Кемерове мог стать поздний вызов спасателей	https://www.vedomosti.ru/society/news/2022/12/24/956920-prichinoi-pozhara-pozdnii-vizov	Sat, 24 Dec 2022 19:29:06 +0300	Общество
227	В Москве и Подмосковье из-за гололедицы объявили «желтый» уровень опасности	https://www.vedomosti.ru/society/news/2022/12/24/956919-moskve-gololeditsi-obyavili-opasnosti	Sat, 24 Dec 2022 18:42:39 +0300	Общество
228	Премьер Белоруссии спрогнозировал рекордный объем экспорта в Россию	https://www.vedomosti.ru/economics/news/2022/12/24/956917-eksporta	Sat, 24 Dec 2022 18:03:19 +0300	Экономика
229	В Венгрии заявили, что рост цен на энергоносители обошелся стране в 10 млрд евро	https://www.vedomosti.ru/economics/news/2022/12/24/956915-vengrii-zayavili	Sat, 24 Dec 2022 17:35:07 +0300	Экономика
230	Мантуров: Россия избежала критического падения несырьевого неэнергетического экспорта	https://www.vedomosti.ru/economics/news/2022/12/24/956913-manturov	Sat, 24 Dec 2022 17:03:23 +0300	Экономика
231	Рогозин получил осколочное ранение и контузию в результате обстрела	https://www.vedomosti.ru/politics/news/2022/12/24/956911-rogozin	Sat, 24 Dec 2022 16:30:52 +0300	Политика
232	В Харькове переименуют академический драмтеатр имени Пушкина	https://www.vedomosti.ru/society/news/2022/12/24/956912-harkove-pereimenuyut-dramteatr	Sat, 24 Dec 2022 16:30:33 +0300	Общество
233	Минобороны сообщило об уничтожении группы иностранных наемников в ДНР	https://www.vedomosti.ru/politics/news/2022/12/24/956909-minoboroni-soobschilo	Sat, 24 Dec 2022 16:11:08 +0300	Политика
234	Мишустин подписал распоряжение о предоставлении ПФР 1,5 трлн рублей на соцвыплаты	https://www.vedomosti.ru/society/news/2022/12/24/956908-mishustin-predostavlenii-pfr-sotsviplati	Sat, 24 Dec 2022 15:47:48 +0300	Общество
235	Орбан: Украина может воевать до тех пор, пока ее поддерживают США	https://www.vedomosti.ru/politics/news/2022/12/24/956906-orban-ukraina	Sat, 24 Dec 2022 15:41:50 +0300	Политика
236	МИД КНР выразил несогласие с оборонным бюджетом США из-за положений о Тайване	https://www.vedomosti.ru/politics/news/2022/12/24/956904-mid-knr-nesoglasie-ssha	Sat, 24 Dec 2022 15:05:31 +0300	Политика
237	Умер юморист Александр Пономаренко	https://www.vedomosti.ru/society/news/2022/12/24/956903-ponomarenko	Sat, 24 Dec 2022 15:04:40 +0300	Общество
238	Следствие предъявило обвинение владельцу приюта в Кемерове, где погибли 22 человека	https://www.vedomosti.ru/society/news/2022/12/24/956902-sledstvie-predyavilo	Sat, 24 Dec 2022 14:46:44 +0300	Общество
239	«Укрэнерго» сообщила о прекращении выработки на одной электростанции	https://www.vedomosti.ru/politics/news/2022/12/24/956900-ukrenergo-soobschila	Sat, 24 Dec 2022 14:10:09 +0300	Политика
240	Власти Курской области сообщили об обстреле ВСУ села Попово-Лежачи	https://www.vedomosti.ru/politics/news/2022/12/24/956898-vlasti-kurskoi	Sat, 24 Dec 2022 13:38:24 +0300	Политика
241	МВД подготовило законопроект о наказании за вождение под воздействием лекарств	https://www.vedomosti.ru/society/news/2022/12/24/956897-mvd-podgotovilo	Sat, 24 Dec 2022 13:08:31 +0300	Общество
242	Воронежские власти объяснили срабатывание сирен в регионе тренировкой	https://www.vedomosti.ru/society/news/2022/12/24/956894-srabativanie-siren	Sat, 24 Dec 2022 12:32:47 +0300	Общество
243	В России продлили программу льготного кредитования импортной продукции	https://www.vedomosti.ru/economics/news/2022/12/24/956893-lgotnogo-kreditovaniya	Sat, 24 Dec 2022 12:08:07 +0300	Экономика
244	В ЛНР анонсировали выплаты пособий по безработице	https://www.vedomosti.ru/politics/news/2022/12/24/956891-posobiya	Sat, 24 Dec 2022 11:44:32 +0300	Политика
245	Nikkei: в Японии прекратят страховать суда в водах РФ от военного ущерба	https://www.vedomosti.ru/politics/news/2022/12/24/956890-yaponii	Sat, 24 Dec 2022 11:13:57 +0300	Политика
246	В МИДе заявили о планах сохранить объем прокачки нефти через Украину	https://www.vedomosti.ru/economics/news/2022/12/24/956886-obem-prokachki	Sat, 24 Dec 2022 10:24:54 +0300	Экономика
247	Минобороны назвало участников военно-биологических программ США на Украине	https://www.vedomosti.ru/politics/news/2022/12/24/956885-minoboroni	Sat, 24 Dec 2022 10:08:02 +0300	Политика
248	При пожаре в доме престарелых в Кемерове погибли 20 человек	https://www.vedomosti.ru/society/news/2022/12/24/956884-pri-pozhare	Sat, 24 Dec 2022 09:26:03 +0300	Общество
249	Голикова поручила проработать запрет продажи энергетических напитков детям	https://www.vedomosti.ru/society/news/2022/12/23/956877-golikova-poruchila-prorabotat	Fri, 23 Dec 2022 22:47:47 +0300	Общество
250	Мишустин утвердил концепцию формирования и развития культуры информбезопасности	https://www.vedomosti.ru/society/news/2022/12/23/956874-mishustin-utverdil-kontseptsiyu	Fri, 23 Dec 2022 22:21:34 +0300	Общество
251	Лавров: Россия не имеет отношения к решению Варданяна отправиться в Карабах	https://www.vedomosti.ru/politics/news/2022/12/23/956872-rossiya-ne-imeet-otnosheniya	Fri, 23 Dec 2022 21:53:10 +0300	Политика
252	Минюст включил «Роскомсвободу» и Колесникова в реестр иностранных агентов	https://www.vedomosti.ru/society/news/2022/12/23/956870-minyust-vklyuchil-roskomsvobodu	Fri, 23 Dec 2022 21:26:23 +0300	Общество
253	Axios: миллиардер Блумберг хочет купить Dow Jones или The Washington Post	https://www.vedomosti.ru/business/news/2022/12/23/956869-blumberg-hochet-dow	Fri, 23 Dec 2022 21:20:08 +0300	Бизнес
254	Нанесенный украинскими обстрелами Брянской области ущерб превысил 100 млн рублей	https://www.vedomosti.ru/politics/news/2022/12/23/956868-nanesennii-ukrainskimi-obstrelami	Fri, 23 Dec 2022 20:56:47 +0300	Политика
255	В Грузии подтвердили сообщения о принудительном закрытии счетов граждан России	https://www.vedomosti.ru/finance/news/2022/12/23/956867-v-gruzii-podtverdili	Fri, 23 Dec 2022 20:38:48 +0300	Финансы
256	Байден подписал военный бюджет США в размере $858 млрд	https://www.vedomosti.ru/politics/news/2022/12/23/956865-baiden-podpisal	Fri, 23 Dec 2022 20:16:26 +0300	Политика
257	Глава РФС заявил о поддержке большинством клубов РПЛ перехода в Азию	https://www.vedomosti.ru/society/news/2022/12/23/956857-rfs-zayavil-o-podderzhke	Fri, 23 Dec 2022 19:52:36 +0300	Общество
258	Путин указал на важность контроля за качеством выпускаемых в России вооружений	https://www.vedomosti.ru/politics/news/2022/12/23/956862-putin-ukazal-na-vazhnost-kontrolya	Fri, 23 Dec 2022 19:35:04 +0300	Политика
259	Путин обозначил ключевую задачу для предприятий ОПК	https://www.vedomosti.ru/politics/news/2022/12/23/956854-putin-oboznachil-klyuchevuyu	Fri, 23 Dec 2022 19:11:04 +0300	Политика
260	МАГАТЭ предложило разместить постоянные миссии на всех украинских АЭС	https://www.vedomosti.ru/politics/news/2022/12/23/956853-magate-predlozhilo-razmestit	Fri, 23 Dec 2022 19:04:18 +0300	Политика
261	Глава Запорожской области анонсировал строительство трассы Симферополь – Ростов	https://www.vedomosti.ru/society/news/2022/12/23/956850-glava-zaporozhskoi-anonsiroval	Fri, 23 Dec 2022 18:51:29 +0300	Общество
262	Генпрокуратура утвердила обвинение распространяющим фейки про СВО иностранцам	https://www.vedomosti.ru/politics/news/2022/12/23/956847-genprokuratura-utverdila-obvinenie	Fri, 23 Dec 2022 18:31:06 +0300	Политика
263	Финляндия потребовала от России обеспечить безопасность посольства в Москве	https://www.vedomosti.ru/politics/news/2022/12/23/956844-finlyandiya-obespechit-bezopasnost-posolstva	Fri, 23 Dec 2022 18:10:31 +0300	Политика
264	Пушилин: необходимость проведения спецоперации была очевидна еще в конце 2021 года	https://www.vedomosti.ru/politics/news/2022/12/23/956837-pushilin-neobhodimost-spetsoperatsii	Fri, 23 Dec 2022 17:46:09 +0300	Политика
265	Компания IFly отменила рейсы в Египет по 26 декабря	https://www.vedomosti.ru/business/news/2022/12/23/956835-ifly-otmenila-reisi	Fri, 23 Dec 2022 17:30:33 +0300	Бизнес
266	Путин прибыл в Тулу для проведения совещания по обеспечению ВС РФ	https://www.vedomosti.ru/politics/news/2022/12/23/956836-putin-pribil-v-tulu	Fri, 23 Dec 2022 17:30:07 +0300	Политика
267	Минобороны сообщило об уничтожении украинского Су-25 в ДНР	https://www.vedomosti.ru/politics/news/2022/12/23/956830-minoboroni-soobschilo	Fri, 23 Dec 2022 17:14:40 +0300	Политика
268	Цена на газ в Европе опустилась ниже $900 за тысячу куб. м впервые с июня	https://www.vedomosti.ru/economics/news/2022/12/23/956829-tsena-na-gaz-opustilas	Fri, 23 Dec 2022 17:03:24 +0300	Экономика
269	Вице-премьер Армении заявил о рекордном товарообороте с Россией	https://www.vedomosti.ru/economics/news/2022/12/23/956821-vitse-premer-armenii	Fri, 23 Dec 2022 17:00:24 +0300	Экономика
270	Глава Евросовета поддержал приостановку членства России в Совбезе ООН	https://www.vedomosti.ru/politics/news/2022/12/23/956828-glava-evrosoveta-sovbeze-oon	Fri, 23 Dec 2022 16:56:50 +0300	Политика
271	Минтранс назвал причину задержки реконструкции погранпунктов на границе с КНР	https://www.vedomosti.ru/economics/news/2022/12/23/956826-mintrans-nazval-prichinu-zaderzhki	Fri, 23 Dec 2022 16:49:24 +0300	Экономика
272	МИД Азербайджана потребовал от Варданяна покинуть Нагорный Карабах	https://www.vedomosti.ru/politics/news/2022/12/23/956824-mid-azerbaidzhana-vardanyana	Fri, 23 Dec 2022 16:40:54 +0300	Политика
273	В российских вузах появится курс по основам военной подготовки	https://www.vedomosti.ru/politics/news/2022/12/23/956818-v-vuzah-kurs-podgotovki	Fri, 23 Dec 2022 16:31:16 +0300	Политика
274	Число погибших при стрельбе в Париже выросло до трех	https://www.vedomosti.ru/society/news/2022/12/23/956819-chislo-pogibshih-viroslo	Fri, 23 Dec 2022 16:26:36 +0300	Общество
275	Роскомнадзор проверит информацию об утечке данных водителей «Ситимобила»	https://www.vedomosti.ru/technology/news/2022/12/23/956815-roskomnadzor-utechke-sitimobila	Fri, 23 Dec 2022 16:14:14 +0300	Технологии
276	Лавров назвал необоснованными упреки в адрес российских миротворцев в Карабахе	https://www.vedomosti.ru/politics/news/2022/12/23/956809-lavrov-nazval-neobosnovannimi-upreki	Fri, 23 Dec 2022 16:02:46 +0300	Политика
277	Правительство упростит назначение выплат Героям труда и Героям России	https://www.vedomosti.ru/society/news/2022/12/23/956808-pravitelstvo-uprostit-naznachenie-viplat-geroyam-truda	Fri, 23 Dec 2022 15:52:43 +0300	Общество
278	РПЦ просит закрепить отсрочку от мобилизации для духовенства указом президента	https://www.vedomosti.ru/society/news/2022/12/23/956787-otsrochku-mobilizatsii-duhovenstva	Fri, 23 Dec 2022 15:51:51 +0300	Общество
279	Сын Рогозина опроверг сообщения об ухудшении состояния здоровья отца	https://www.vedomosti.ru/society/news/2022/12/23/956807-sin-rogozina-uhudshenii-sostoyaniya	Fri, 23 Dec 2022 15:47:43 +0300	Общество
280	В России начало расти число угонов автомобилей	https://www.vedomosti.ru/auto/news/2022/12/23/956801-v-rossii-nachalo-rasti-chislo-ugonov	Fri, 23 Dec 2022 15:30:19 +0300	Авто
281	Два человека погибли при стрельбе в центре Парижа	https://www.vedomosti.ru/society/news/2022/12/23/956800-dva-cheloveka-pogibli-pri-strelbe-v-tsentre-parizha	Fri, 23 Dec 2022 15:19:41 +0300	Общество
282	Правительство выделит фонду «Круг добра» грант в 70 млрд рублей	https://www.vedomosti.ru/society/news/2022/12/23/956796-pravitelstvo-videlit-fondu-krug-dobra-grant-v-70-mlrd	Fri, 23 Dec 2022 15:04:54 +0300	Общество
283	Лавров выразил сожаление в связи с отказом МИД Армении приехать на переговоры	https://www.vedomosti.ru/politics/news/2022/12/23/956791-lavrov-virazil-sozhalenie-s-otkazom-mid-armenii-priehat-na-peregovori	Fri, 23 Dec 2022 15:03:43 +0300	Политика
284	В Калужской области запретили использовать беспилотники	https://www.vedomosti.ru/society/news/2022/12/23/956794-v-kaluzhskoi-oblasti-zapretili-ispolzovat-bespilotniki	Fri, 23 Dec 2022 15:01:13 +0300	Общество
285	ЦБ рассказал об итогах первого года тестирования неквалифицированных инвесторов	https://www.vedomosti.ru/finance/news/2022/12/23/956790-tsb-rasskazal-ob-itogah	Fri, 23 Dec 2022 14:49:26 +0300	Финансы
286	VK Play: 24% россиян планируют в новогоднюю ночь играть в видеоигры	https://www.vedomosti.ru/society/news/2022/12/23/956789-24-rossiyan-planiruyut-igrat	Fri, 23 Dec 2022 14:39:56 +0300	Общество
287	Матвиенко призвала службы такси закупать отечественные автомобили	https://www.vedomosti.ru/business/news/2022/12/23/956786-matvienko-taksi-otechestvennie-avtomobili	Fri, 23 Dec 2022 14:32:28 +0300	Бизнес
288	МИД: Россия учитывала планы НАТО при подготовке концепции внешней политики	https://www.vedomosti.ru/politics/news/2022/12/23/956785-rossiya-uchitivala-nato	Fri, 23 Dec 2022 14:24:22 +0300	Политика
289	В Кремле прокомментировали сообщения о разрабатываемом Украиной «мирном плане»	https://www.vedomosti.ru/politics/news/2022/12/23/956779-v-kremle-prokommentirovali	Fri, 23 Dec 2022 14:12:56 +0300	Политика
290	Суд отказался исключить писателя Глуховского из реестра иноагентов	https://www.vedomosti.ru/society/news/2022/12/23/956782-sud-otkazalsya-isklyuchit	Fri, 23 Dec 2022 14:07:24 +0300	Общество
291	Песков заявил о существенном продвижении в демилитаризации Украины	https://www.vedomosti.ru/politics/news/2022/12/23/956781-peskov-suschestvennom-prodvizhenii-demilitarizatsii-ukraini	Fri, 23 Dec 2022 13:47:43 +0300	Политика
292	Суд прекратил дело экс-депутата Мамонтова, сбившего ребенка	https://www.vedomosti.ru/society/news/2022/12/23/956777-sud-prekratil-delo-eks-deputata-mamontova	Fri, 23 Dec 2022 13:36:50 +0300	Общество
293	В Кремле заявили, что указ по «Газпрому» не является ответом на потолок цен ЕС	https://www.vedomosti.ru/politics/news/2022/12/23/956775-kremle-ukaz-gazpromu-otvetom-potolok-tsen	Fri, 23 Dec 2022 13:30:58 +0300	Политика
294	В Мелитополе взорвался автомобиль	https://www.vedomosti.ru/politics/news/2022/12/23/956771-melitopole-vzorvalsya-avtomobil	Fri, 23 Dec 2022 13:07:59 +0300	Политика
295	Суд в Москве оштрафовал комиссию по сохранению наследия Сахарова на 5 млн рублей	https://www.vedomosti.ru/politics/news/2022/12/23/956768-sud-oshtrafoval-komissiyu-sohraneniyu-naslediya-saharova	Fri, 23 Dec 2022 12:53:16 +0300	Политика
296	В Южной Корее сообщили о пуске двух баллистических ракет со стороны КНДР	https://www.vedomosti.ru/politics/news/2022/12/23/956767-v-yuzhnoi-koree-soobschili-o-puske-raket	Fri, 23 Dec 2022 12:51:39 +0300	Политика
297	Meta выплатит рекордные $725 млн по делу о незаконной передаче персональных данных	https://www.vedomosti.ru/technology/news/2022/12/23/956745-meta-viplatit-rekordnie-725-mln	Fri, 23 Dec 2022 12:47:59 +0300	Бизнес
298	Песков заявил об отсутствии контактов по переговорам Путина и Байдена	https://www.vedomosti.ru/politics/news/2022/12/23/956765-peskov-zayavil-ob-otsutstvii-kontaktov-po-peregovoram	Fri, 23 Dec 2022 12:44:42 +0300	Политика
299	Совфед одобрил закон об уголовной ответственности за осквернение георгиевской ленты	https://www.vedomosti.ru/society/news/2022/12/23/956756-ugolovnuyu-otvetstvennost-za-oskvernenie-georgievskoi-lenti	Fri, 23 Dec 2022 12:36:14 +0300	Общество
300	Politico: США впервые с февраля могут начать обучать ВСУ на своей территории	https://www.vedomosti.ru/politics/news/2022/12/23/956753-politico-ssha-vpervie-s-fevralya-obuchat-vsu	Fri, 23 Dec 2022 12:33:29 +0300	Политика
301	«Коммерсантъ» узнал о возможном снижении ценза для инвесторов до 20 млн рублей	https://www.vedomosti.ru/finance/news/2022/12/23/956755-kommersant-tsenza-investorov	Fri, 23 Dec 2022 12:25:07 +0300	Финансы
302	WSJ: врачи в США призвали снять с продажи «Терафлю» из-за его неэффективности	https://www.vedomosti.ru/society/news/2022/12/23/956744-wsj-teraflyu	Fri, 23 Dec 2022 11:50:32 +0300	Общество
303	ФСБ сообщила о задержании россиян в нескольких регионах за шпионаж	https://www.vedomosti.ru/politics/news/2022/12/23/956739-fsb-o-zaderzhanii-rossiyan-za-shpionazh	Fri, 23 Dec 2022 11:41:46 +0300	Политика
304	Новак назвал главную жертву ограничения цен на газ	https://www.vedomosti.ru/economics/news/2022/12/23/956733-novak-nazval-glavnuyu-zhertvu-ogranicheniya-tsen	Fri, 23 Dec 2022 11:39:50 +0300	Экономика
305	Совфед одобрил приостановку взыскания долгов с мобилизованных	https://www.vedomosti.ru/society/news/2022/12/23/956736-sovfed-odobril-priostanovku-vziskaniya-dolgov-s-mobilizovannih	Fri, 23 Dec 2022 11:24:53 +0300	Общество
306	Автостраховщики сообщили о подорожании запчастей в среднем на 27,7%	https://www.vedomosti.ru/auto/news/2022/12/23/956735-avtostrahovschiki-soobschili-o-podorozhanii-zapchastei	Fri, 23 Dec 2022 11:12:42 +0300	Авто
307	Совет Федерации одобрил закон о пожизненном наказании за диверсии	https://www.vedomosti.ru/society/news/2022/12/23/956734-sovet-federatsii-nakazanii-diversii	Fri, 23 Dec 2022 11:05:13 +0300	Общество
308	Мурашко поручил усилить работу всей системы здравоохранения в праздники	https://www.vedomosti.ru/society/news/2022/12/23/956728-murashko-poruchil-usilit-rabotu-vsei-sistemi	Fri, 23 Dec 2022 10:57:49 +0300	Общество
309	Шойгу прибыл в Ижевск для проверки выполнения гособоронзаказа	https://www.vedomosti.ru/politics/news/2022/12/23/956729-shoigu-izhevsk-gosoboronzakaza	Fri, 23 Dec 2022 10:55:46 +0300	Политика
310	Жители новых регионов смогут получить помощь в трудоустройстве с 1 января	https://www.vedomosti.ru/society/news/2022/12/23/956723-zhiteli-novih-regionov-smogut-poluchit-pomosch-v-trudoustroistve	Fri, 23 Dec 2022 10:44:38 +0300	Общество
311	Медведев прокомментировал решение ЕС ввести ценовой потолок на газ	https://www.vedomosti.ru/politics/news/2022/12/23/956727-medvedev-tsenovoi-potolok	Fri, 23 Dec 2022 10:40:21 +0300	Политика
312	Посол Кении ответил на слова Борреля в адрес поддерживающих Россию африканцев	https://www.vedomosti.ru/politics/news/2022/12/23/956724-posol-kenii-otvetil-na-slova-borrelya	Fri, 23 Dec 2022 10:33:38 +0300	Политика
313	Должность президента Татарстана переименуют в Раиса	https://www.vedomosti.ru/politics/news/2022/12/23/956725-dolzhnost-prezidenta-tatarstana-pereimenovana	Fri, 23 Dec 2022 10:31:00 +0300	Политика
314	ФОМ: уровень тревожности россиян вновь вырос до 57%	https://www.vedomosti.ru/society/news/2022/12/23/956722-fom-uroven-trevozhnosti-rossiyan-vnov-viros	Fri, 23 Dec 2022 10:21:10 +0300	Общество
315	Сенат США одобрил изъятие российских активов в пользу Украины	https://www.vedomosti.ru/politics/news/2022/12/23/956721-senat-ssha-izyatie-rossiiskih-aktivov	Fri, 23 Dec 2022 10:17:03 +0300	Политика
316	В Москве построят «Кобзон центр»	https://www.vedomosti.ru/society/news/2022/12/23/956719-v-basmannom-raione-moskvi-postroyat-kobzon-tsentr	Fri, 23 Dec 2022 10:16:04 +0300	Общество
317	Новак: без энергоресурсов России будет сложно обеспечить глобальное экономическое развитие	https://www.vedomosti.ru/economics/news/2022/12/23/956716-novak-bez-energoresursov-rossii-budet-slozhno-obespechit-globalnoe	Fri, 23 Dec 2022 09:51:22 +0300	Экономика
318	Жена Рогозина опровергла сообщения о своей контузии	https://www.vedomosti.ru/society/news/2022/12/23/956717-zhena-rogozina-oprovergla-soobscheniya-o-svoei-kontuzii	Fri, 23 Dec 2022 09:49:39 +0300	Общество
319	ФАС согласовала покупку «Джамилько» российского бизнеса Mothercare	https://www.vedomosti.ru/business/news/2022/12/23/956715-fas-dzhamilko	Fri, 23 Dec 2022 09:42:32 +0300	Бизнес
320	Минпросвещение: наработки нового учебника по истории представят в начале февраля	https://www.vedomosti.ru/society/news/2022/12/23/956714-minprosveschenie-narabotki-novogo-uchebnika	Fri, 23 Dec 2022 09:39:41 +0300	Общество
321	МВД зафиксировало рекордное число экстремистских преступлений с начала года	https://www.vedomosti.ru/society/news/2022/12/23/956712-mvd-zafiksirovalo-rekordnoe-chislo-ekstremistskih-prestuplenii	Fri, 23 Dec 2022 09:19:15 +0300	Общество
322	Росавиация продлила режим ограничения полетов до 2 января	https://www.vedomosti.ru/society/news/2022/12/23/956711-rosaviatsiya-prodlila-rezhim-ogranicheniya-poletov	Fri, 23 Dec 2022 09:10:02 +0300	Общество
323	Раненного в Донецке Рогозина перевезут в Москву	https://www.vedomosti.ru/society/news/2022/12/23/956709-ranenogo-v-donetske-rogozina-perevezut-v-moskvu	Fri, 23 Dec 2022 08:55:02 +0300	Общество
324	Посол Индии заявил о планах Моди и Путина встретиться в 2023 году	https://www.vedomosti.ru/politics/news/2022/12/23/956707-o-planah-modi-i-putina-vstretitsya	Fri, 23 Dec 2022 08:37:10 +0300	Политика
325	Новак: Россия запретит поставки нефти в поддержавшие потолок цен страны	https://www.vedomosti.ru/politics/news/2022/12/23/956705-novak-rossiya-zapretit-postavki-nefti	Fri, 23 Dec 2022 08:17:27 +0300	Политика
326	Основателя криптобиржи FTX Бэнкмана-Фрида отпустили под залог в $250 млн	https://www.vedomosti.ru/finance/news/2022/12/23/956704-osnovatelya-kriptobirzhi-ftx-benkmana-frida-otpustili	Fri, 23 Dec 2022 07:56:35 +0300	Финансы
327	МИД: обсуждения гарантий безопасности невозможны, пока на Украине есть инструкторы НАТО	https://www.vedomosti.ru/politics/news/2022/12/23/956703-obsuzhdeniya-garantii-bezopasnosti-nevozmozhni-poka-na-ukraine-est	Fri, 23 Dec 2022 07:31:18 +0300	Политика
328	Путин запретил «Газпрому» покупать газ у СП с Wintershall и OMV выше установленной цены	https://www.vedomosti.ru/business/news/2022/12/22/956684-putin-gazpromu-wintershall-omv	Thu, 22 Dec 2022 22:29:31 +0300	Бизнес
329	Пасечник допустил, что с 1 января Народная милиция ЛНР станет частью ВС РФ	https://www.vedomosti.ru/politics/news/2022/12/22/956674-pasechnik-narodnaya-militsiya-lnr	Thu, 22 Dec 2022 22:00:30 +0300	Политика
330	Минпросвещения включило в школьную программу изучение СВО	https://www.vedomosti.ru/society/news/2022/12/22/956670-minprosvescheniya-vklyuchilo-shkolnuyu-programmu-izuchenie-svo	Thu, 22 Dec 2022 21:38:56 +0300	Общество
331	Хинштейн выступил против введения уголовной ответственности за пропаганду ЛГБТ	https://www.vedomosti.ru/society/news/2022/12/22/956660-hinshtein-vistupil-protiv	Thu, 22 Dec 2022 21:21:18 +0300	Общество
332	В Белом доме назвали условие для переговоров Байдена с Путиным	https://www.vedomosti.ru/politics/news/2022/12/22/956658-belom-dome-peregovorov-baidena-putinim	Thu, 22 Dec 2022 21:08:02 +0300	Политика
333	Рогозин сообщил о гибели своего помощника при обстреле гостиницы в Донецке	https://www.vedomosti.ru/society/news/2022/12/22/956636-rogozin-soobschil	Thu, 22 Dec 2022 20:58:03 +0300	Общество
334	Путин назвал заинтересованных в подрыве газопроводов «Северный поток»	https://www.vedomosti.ru/politics/news/2022/12/22/956652-putin-nazval-zainteresovannih	Thu, 22 Dec 2022 20:30:40 +0300	Политика
335	Путин намерен подписать указ об ответе на потолок цен на нефть 26 или 27 декабря	https://www.vedomosti.ru/politics/news/2022/12/22/956650-putin-nameren-podpisat	Thu, 22 Dec 2022 19:58:08 +0300	Политика
336	Путин анонсировал свое послание Федеральному собранию в начале 2023 года	https://www.vedomosti.ru/politics/news/2022/12/22/956646-putin-anonsiroval-poslanie	Thu, 22 Dec 2022 19:34:23 +0300	Политика
337	Путин: на американские ЗРК Patriot найдется противоядие	https://www.vedomosti.ru/politics/news/2022/12/22/956649-putin-zrk-patriot	Thu, 22 Dec 2022 19:29:05 +0300	Политика
338	Путин заявил, что Россия прошла 2022 год достаточно уверенно	https://www.vedomosti.ru/politics/news/2022/12/22/956644-putin-rossiya-2022-god	Thu, 22 Dec 2022 19:15:13 +0300	Политика
339	Путин назвал спецоперацию вынужденной и необходимой мерой	https://www.vedomosti.ru/politics/news/2022/12/22/956640-putin-nazval-spetsoperatsiyu-neobhodimoi	Thu, 22 Dec 2022 19:08:22 +0300	Политика
340	Tez Tour сообщил о возвращении 6000 российских туристов из Египта	https://www.vedomosti.ru/society/news/2022/12/22/956637-tour-soobschil-vozvraschenii	Thu, 22 Dec 2022 19:04:18 +0300	Общество
341	США расширили санкции против России	https://www.vedomosti.ru/politics/news/2022/12/22/956638-ssha-sanktsii	Thu, 22 Dec 2022 18:52:32 +0300	Политика
342	Герасимов заявил об ожесточенных боях с начала спецоперации	https://www.vedomosti.ru/politics/news/2022/12/22/956635-gerasimov-ozhestochennih-boyah-nachala-spetsoperatsii	Thu, 22 Dec 2022 18:35:16 +0300	Политика
343	Голикова предложила снизить страховой взнос при найме подростков	https://www.vedomosti.ru/economics/news/2022/12/22/956633-golikova-predlozhila	Thu, 22 Dec 2022 18:27:05 +0300	Экономика
344	Путин пообещал подарить ребенку из Запорожской области поездку в Крым	https://www.vedomosti.ru/society/news/2022/12/22/956632-putin-poobeschal-podarit	Thu, 22 Dec 2022 18:06:52 +0300	Общество
345	Курс доллара опустился ниже 70 рублей	https://www.vedomosti.ru/finance/news/2022/12/22/956630-kurs-dollara-opustilsya	Thu, 22 Dec 2022 17:57:36 +0300	Финансы
346	Глава поселка Любимовка на левом берегу Днепра погиб при подрыве автомобиля	https://www.vedomosti.ru/politics/news/2022/12/22/956624-glava-poselka-pogib	Thu, 22 Dec 2022 17:50:06 +0300	Политика
347	Путин предложил ввести академический курс по основам государственности	https://www.vedomosti.ru/politics/news/2022/12/22/956623-putin-predlozhil-vvesti-kurs	Thu, 22 Dec 2022 17:34:10 +0300	Политика
348	Кадыров сообщил, что Путин наградил его орденом Александра Невского	https://www.vedomosti.ru/politics/news/2022/12/22/956621-kadirov-ordenom-aleksandra-nevskogo	Thu, 22 Dec 2022 17:20:27 +0300	Политика
349	Герасимов назвал ракеты «Кинжал» неуязвимыми для украинских систем ПВО	https://www.vedomosti.ru/politics/news/2022/12/22/956616-gerasimov-nazval-kinzhal-neuyazvimimi	Thu, 22 Dec 2022 17:08:25 +0300	Политика
350	Герасимов заявил об обеспечении безопасности Запорожской АЭС российскими военными	https://www.vedomosti.ru/politics/news/2022/12/22/956613-gerasimov-zayavil-ob-obespechenii	Thu, 22 Dec 2022 17:04:20 +0300	Политика
351	Герасимов: финансовая помощь Запада Украине достигла $100 млрд	https://www.vedomosti.ru/politics/news/2022/12/22/956607-pomosch-zapada-ukraine	Thu, 22 Dec 2022 16:57:08 +0300	Политика
352	Верховный суд РФ отказал «Новой газете» в восстановлении сайта	https://www.vedomosti.ru/media/news/2022/12/22/956611-verhovnii-novoi-gazete	Thu, 22 Dec 2022 16:52:05 +0300	Медиа
353	Правительство сможет выдавать разрешения на сделки с подсанкционными лицами	https://www.vedomosti.ru/politics/news/2022/12/22/956609-pravitelstvo-smozhet-vidavat	Thu, 22 Dec 2022 16:37:02 +0300	Политика
354	Международные резервы России за неделю увеличились на $5,2 млрд	https://www.vedomosti.ru/finance/news/2022/12/22/956606-rezervi-uvelichilis	Thu, 22 Dec 2022 16:34:01 +0300	Финансы
355	В Белоруссии впервые запустили производство ноутбуков	https://www.vedomosti.ru/technology/news/2022/12/22/956603-v-belorussii-zapustili	Thu, 22 Dec 2022 16:18:04 +0300	Технологии
356	Генпрокуратура признала нежелательным «Русский антивоенный комитет в Швеции»	https://www.vedomosti.ru/society/news/2022/12/22/956601-genprokuratura-priznala-nezhelatelnim-russkii-antivoennii-komitet	Thu, 22 Dec 2022 15:45:07 +0300	Общество
357	Путин заявил, что верит в Деда Мороза	https://www.vedomosti.ru/society/news/2022/12/22/956598-putin-skazal-chto-verit-v-deda-moroza	Thu, 22 Dec 2022 15:36:05 +0300	Общество
358	Рогозина доставили в госпиталь в Ростове-на-Дону	https://www.vedomosti.ru/politics/news/2022/12/22/956599-rogozina-gospital-rostove-na-donu	Thu, 22 Dec 2022 15:34:19 +0300	Политика
359	Henkel начал процесс продажи российского бизнеса	https://www.vedomosti.ru/business/news/2022/12/22/956595-henkel-nachala-protsess-prodazhi-rossiiskogo-biznesa	Thu, 22 Dec 2022 15:23:42 +0300	Бизнес
360	На Сиверской ГЭС в Ленинградской области произошло подтопление	https://www.vedomosti.ru/society/news/2022/12/22/956594-siverskoi-ges	Thu, 22 Dec 2022 15:14:27 +0300	Общество
361	В МИДе сообщили об отказе Армении от встречи по мирному договору	https://www.vedomosti.ru/politics/news/2022/12/22/956586-v-mide-soobschili-ob-otkaze-armenii-ot-vstrechi	Thu, 22 Dec 2022 15:11:02 +0300	Политика
362	Хинштейн заявил, что закон о запрете ЛГБТ-пропаганды затронет и видеоигры	https://www.vedomosti.ru/society/news/2022/12/22/956590-zakon-o-zaprete-lgbt-propagandi-kasaetsya-i-videoigr	Thu, 22 Dec 2022 15:05:08 +0300	Общество
363	Минобороны сообщило о посещении Шойгу зоны спецоперации	https://www.vedomosti.ru/politics/news/2022/12/22/956589-shoigu-spetsoperatsii	Thu, 22 Dec 2022 15:01:23 +0300	Политика
364	МИД предупредил Грецию о последствиях в случае передачи российских С-300 Украине	https://www.vedomosti.ru/politics/news/2022/12/22/956584-mid-predupredil-gretsiyu	Thu, 22 Dec 2022 14:46:20 +0300	Политика
365	Макрон: возможное вступление Украины в НАТО приведет к конфронтации с Россией	https://www.vedomosti.ru/politics/news/2022/12/22/956582-makron-ukraini-nato	Thu, 22 Dec 2022 14:37:34 +0300	Политика
366	Путин удовлетворил заявление Варданяна о выходе из российского гражданства	https://www.vedomosti.ru/politics/news/2022/12/22/956578-putin-udovletvoril-zayavlenie-vardanyana	Thu, 22 Dec 2022 14:26:15 +0300	Политика
367	«Почта России» сообщила о запуске «единого окна» цифровых услуг для физлиц	https://www.vedomosti.ru/business/news/2022/12/22/956575-pochta-rossii-soobschila-o-zapuske	Thu, 22 Dec 2022 14:23:36 +0300	Бизнес
368	Власти Германии сообщили о завершении национализации Uniper	https://www.vedomosti.ru/business/news/2022/12/22/956552-vlasti-germanii-zavershenii	Thu, 22 Dec 2022 14:18:50 +0300	Бизнес
369	Повышение призывного возраста не отменит отсрочку для студентов	https://www.vedomosti.ru/society/news/2022/12/22/956572-povishenie-ne-otmenit	Thu, 22 Dec 2022 14:09:54 +0300	Общество
370	Минобороны сообщило об уничтожении диверсантов в ДНР и Запорожской области	https://www.vedomosti.ru/politics/news/2022/12/22/956574-minoboroni-unichtozhenii-diversionnih-grupp	Thu, 22 Dec 2022 13:55:07 +0300	Политика
371	Россияне назвали «Первый канал» главным телеканалом 2022 года	https://www.vedomosti.ru/media/news/2022/12/22/956570-rossiyane-nazvali-pervii-kanal-glavnim	Thu, 22 Dec 2022 13:52:16 +0300	Медиа
372	Песков рассказал о содержании послания Путина к Си Цзиньпину	https://www.vedomosti.ru/politics/news/2022/12/22/956563-peskov-rasskazal-o-soderzhanii-poslaniya-putina	Thu, 22 Dec 2022 13:46:54 +0300	Политика
373	В Кремле прокомментировали решение США о поставках ЗРК Patriot Киеву	https://www.vedomosti.ru/politics/news/2022/12/22/956564-v-kremle-prokommentirovali-reshenie-ssha-o-postavkah-zrk	Thu, 22 Dec 2022 13:43:05 +0300	Политика
374	Кремль: миротворцы делают все возможное для обеспечения порядка в Карабахе	https://www.vedomosti.ru/politics/news/2022/12/22/956560-mirotvortsi-rf-delayut-vse-vozmozhnoe	Thu, 22 Dec 2022 13:21:21 +0300	Политика
375	В Кремле выразили сожаление о переговорах Байдена и Зеленского	https://www.vedomosti.ru/politics/news/2022/12/22/956561-sozhalenie-o-peregovorah-baidena-i-zelenskogo	Thu, 22 Dec 2022 13:16:42 +0300	Политика
376	ВЦИОМ: для большинства россиян событием года стала спецоперация	https://www.vedomosti.ru/society/news/2022/12/22/956554-dlya-bolshinstva-sobitiem-goda-stala-spetsoperatsiya	Thu, 22 Dec 2022 12:56:53 +0300	Общество
377	В Кремле прокомментировали ранение Рогозина в Донецке	https://www.vedomosti.ru/politics/news/2022/12/22/956553-v-kremle-prokommentirovali-ranenie-rogozina	Thu, 22 Dec 2022 12:55:00 +0300	Политика
378	Мэр Горловки сообщил о контузии при обстреле гостиницы в Донецке	https://www.vedomosti.ru/society/news/2022/12/22/956537-mer-gorlovki-soobschil-o-kontuzii	Thu, 22 Dec 2022 12:51:59 +0300	Общество
379	Лукашенко допустил развертывание агрессии против Белоруссии	https://www.vedomosti.ru/politics/news/2022/12/22/956542-lukashenko-dopustil-razvertivanie-agressii-protiv-belorussii	Thu, 22 Dec 2022 12:30:21 +0300	Политика
380	На авианосце «Адмирал Кузнецов» произошло возгорание	https://www.vedomosti.ru/society/news/2022/12/22/956540-na-kreisere-admiral-kuznetsov-pozhar	Thu, 22 Dec 2022 12:21:00 +0300	Общество
381	Число случаев сексуального насилия в отношении детей выросло на 44% с 2010 года	https://www.vedomosti.ru/society/news/2022/12/22/956536-chislo-sluchaev-seksualnogo-nasiliya-v-otnoshenii-detei-viroslo	Thu, 22 Dec 2022 12:17:38 +0300	Общество
382	В госсовете Татарстана рекомендовали отозвать проект закона о «главе» республики	https://www.vedomosti.ru/politics/news/2022/12/22/956535-v-gossovete-tatarstana-rekomendovali-otozvat-proekt-o-glave-respubliki	Thu, 22 Dec 2022 12:00:53 +0300	Политика
383	Володин: Госдума приняла рекордное число законов	https://www.vedomosti.ru/politics/news/2022/12/22/956530-volodin-obyavil-o-novom-rekorde	Thu, 22 Dec 2022 11:53:29 +0300	Политика
384	Цены на газ в Европе опустилась ниже $1000 впервые с октября	https://www.vedomosti.ru/economics/news/2022/12/22/956532-tseni-na-gaz-v-evrope	Thu, 22 Dec 2022 11:52:11 +0300	Экономика
385	Жителя Крыма приговорили к 12 годам лишения свободы по делу о госизмене	https://www.vedomosti.ru/society/news/2022/12/22/956519-zhitelya-krima-prigovorili-k-12-godam	Thu, 22 Dec 2022 11:28:54 +0300	Общество
386	В Крыму продлили «желтый» уровень террористической опасности	https://www.vedomosti.ru/politics/news/2022/12/22/956518-v-krimu-prodlili-zheltii-uroven-terroristicheskoi-opasnosti	Thu, 22 Dec 2022 11:27:28 +0300	Политика
387	В Госдуме поддержали увеличение призывного возраста с 18 до 21 года	https://www.vedomosti.ru/society/news/2022/12/22/956521-v-gosdume-podderzhali-uvelichenie-prizivnogo-vozrasta	Thu, 22 Dec 2022 11:25:29 +0300	Общество
388	Захарова прокомментировала шаги Японии по наращиванию военной мощи	https://www.vedomosti.ru/politics/news/2022/12/22/956517-zaharova-prokommentirovala-shagi-yaponii-po-naraschivaniyu	Thu, 22 Dec 2022 11:13:08 +0300	Политика
389	В России создадут рабочую группу по определению частот для беспилотников	https://www.vedomosti.ru/technology/news/2022/12/22/956516-sozdadut-gruppu-po-opredeleniyu-chastot-dlya-bespilotnikov	Thu, 22 Dec 2022 11:07:14 +0300	Технологии
390	Основателя криптобиржи FTX Бэнкмана-Фрида передали США	https://www.vedomosti.ru/finance/news/2022/12/22/956515-osnovatelya-kriptobirzhi-ftx-benkmana-frida-peredali-ssha	Thu, 22 Dec 2022 10:59:20 +0300	Финансы
391	Пашинян обвинил российских миротворцев в Карабахе в невыполнении своих функций	https://www.vedomosti.ru/politics/news/2022/12/22/956507-pashinyan-obvinil-rossiiskih-mirotvortsev	Thu, 22 Dec 2022 10:44:56 +0300	Политика
392	Пашинян сообщил о нехватке продовольствия в Карабахе из-за блокировки Лачинского коридора	https://www.vedomosti.ru/politics/news/2022/12/22/956505-pashinyan-o-nehvatke-prodovolstviya	Thu, 22 Dec 2022 10:38:46 +0300	Политика
393	Ликсутов: новые «Москвичи» заинтересуют чиновников и каршеринг	https://www.vedomosti.ru/auto/news/2022/12/22/956498-liksutov-novie-moskvichi-zainteresuyut-chinovnikov	Thu, 22 Dec 2022 10:17:31 +0300	Авто
394	Путин внес в Совфед на согласование кандидатуры прокуроров новых территорий	https://www.vedomosti.ru/politics/news/2022/12/22/956499-putin-vnes-v-sovfed-na-soglasovanie-kandidaturi-prokurorov	Thu, 22 Dec 2022 10:12:38 +0300	Политика
395	Совет Федерации может разработать законопроект об ограничении сроков нахождения в СИЗО	https://www.vedomosti.ru/society/news/2022/12/22/956497-sovet-federatsii-mozhet-razrabotat-zakonoproekt	Thu, 22 Dec 2022 09:56:55 +0300	Общество
396	Тимур Бекмамбетов продал киностудию Bazelevs в России	https://www.vedomosti.ru/media/news/2022/12/22/956496-timur-bekmambetov-prodal-kinostudiyu-v-rossii	Thu, 22 Dec 2022 09:49:58 +0300	Медиа
397	Рогозин рассказал о своем ранении при обстреле гостиницы в Донецке	https://www.vedomosti.ru/politics/news/2022/12/22/956492-rogozin-rasskazal-o-svoem-ranenii	Thu, 22 Dec 2022 09:48:17 +0300	Политика
398	В аэропортах Москвы задержаны или отменены более 30 авиарейсов	https://www.vedomosti.ru/society/news/2022/12/22/956494-v-aeroportah-moskvi-zaderzhani-ili-otmeneni	Thu, 22 Dec 2022 09:45:36 +0300	Общество
399	«Известия»: в России предложили запретить иностранных агрегаторов грузоперевозок	https://www.vedomosti.ru/business/news/2022/12/22/956491-izvestiya-v-rossii-predlozhili-zapretit-inostrannih-agregatorov	Thu, 22 Dec 2022 09:26:40 +0300	Бизнес
400	МИД Палестины призвал международное сообщество ввести против Израиля санкции	https://tass.ru/mezhdunarodnaya-panorama/16685323	Sun, 25 Dec 2022 20:19:10 +0300	Международная панорама
401	Parisien: французы стали продавать рождественские подарки активнее, чем раньше	https://tass.ru/obschestvo/16685301	Sun, 25 Dec 2022 20:14:48 +0300	Общество
402	В Минске сообщили, что обстановка на гомельском участке границы остается контролируемой	https://tass.ru/mezhdunarodnaya-panorama/16685307	Sun, 25 Dec 2022 20:09:01 +0300	Международная панорама
403	СМИ: в Пакистане при взрыве погибли не менее пяти военнослужащих	https://tass.ru/mezhdunarodnaya-panorama/16685285	Sun, 25 Dec 2022 20:05:49 +0300	Международная панорама
404	В центре Москвы из-за угрозы взрыва эвакуировали посетителей Дома музыки	https://tass.ru/proisshestviya/16685303	Sun, 25 Dec 2022 20:05:40 +0300	Москва
405	В Белоруссии сообщили о росте выявляемости коррупционных преступлений	https://tass.ru/obschestvo/16685293	Sun, 25 Dec 2022 20:03:42 +0300	Общество
406	В Севмормузее показали фильм о первой русской полярной экспедиции	https://tass.ru/kultura/16685269	Sun, 25 Dec 2022 19:59:47 +0300	Культура
407	Fox: еще одну группу нелегальных мигрантов высадили у резиденции вице-президента США	https://tass.ru/obschestvo/16685279	Sun, 25 Dec 2022 19:59:21 +0300	Общество
408	СМИ: в Канаде автобус попал в аварию	https://tass.ru/proisshestviya/16685273	Sun, 25 Dec 2022 19:56:30 +0300	Происшествия
409	СМИ: газ для потребителей в Германии с нового года подорожает на 112%	https://tass.ru/ekonomika/16685261	Sun, 25 Dec 2022 19:54:29 +0300	Экономика и бизнес
410	СМИ: на юге Турции гражданин РФ погиб после падения со скалы	https://tass.ru/proisshestviya/16685251	Sun, 25 Dec 2022 19:51:25 +0300	Происшествия
411	СМИ: на юго-западе Пакистана не менее 15 человек пострадали в результате серии взрывов	https://tass.ru/mezhdunarodnaya-panorama/16685241	Sun, 25 Dec 2022 19:48:25 +0300	Международная панорама
412	Акварель Карла Брюллова с подписью художника продали на торгах за 7 млн рублей	https://tass.ru/kultura/16685221	Sun, 25 Dec 2022 19:47:29 +0300	Культура
413	Генпрокуратура Белоруссии в 2023 обследует 35 предполагаемых мест совершения геноцида	https://tass.ru/obschestvo/16685225	Sun, 25 Dec 2022 19:44:37 +0300	Общество
414	Шмыгаль: партнеры Украины выделят почти $1,5 млрд на поддержку ее энергосистемы	https://tass.ru/ekonomika/16685207	Sun, 25 Dec 2022 19:37:45 +0300	Экономика и бизнес
415	Эксперт: РФ и США в 2023 году могут оказаться на грани прямого военного столкновения	https://tass.ru/politika/16685203	Sun, 25 Dec 2022 19:35:46 +0300	Политика
416	"Захарова: легкость ""культуры отмены"" в США создала почву для роста антисемитизма"	https://tass.ru/politika/16685179	Sun, 25 Dec 2022 19:31:25 +0300	Политика
417	"Матвей Мичков забросил дебютную шайбу за ""Сочи"" в КХЛ"	https://tass.ru/sport/16685177	Sun, 25 Dec 2022 19:28:58 +0300	Спорт
418	В Белоруссии сообщили, что РФ за год выдала Минску 16 человек, виновных в экстремизме	https://tass.ru/mezhdunarodnaya-panorama/16685169	Sun, 25 Dec 2022 19:28:21 +0300	Международная панорама
419	В Воронеже более 100 домов остались без отопления	https://tass.ru/proisshestviya/16685151	Sun, 25 Dec 2022 19:28:04 +0300	Происшествия
420	В Ростове-на-Дону в результате ДТП разрушен памятник Василию Маргелову	https://tass.ru/proisshestviya/16685159	Sun, 25 Dec 2022 19:26:15 +0300	Происшествия
421	"Число жертв крушения корвета ""Сукхотай"" увеличилось до 18"	https://tass.ru/proisshestviya/16685153	Sun, 25 Dec 2022 19:25:42 +0300	Происшествия
422	В КЧР около 3 тыс. школьников стали участниками проекта по профориентации	https://tass.ru/obschestvo/16685139	Sun, 25 Dec 2022 19:19:21 +0300	Общество
423	"Посольство США запретило сотрудникам посещать отель в Исламабаде из-за ""возможной атаки"""	https://tass.ru/mezhdunarodnaya-panorama/16685127	Sun, 25 Dec 2022 19:17:00 +0300	Международная панорама
424	СМИ: на севере Ирана два человека погибли при взрыве на руднике	https://tass.ru/proisshestviya/16685115	Sun, 25 Dec 2022 19:08:18 +0300	Происшествия
425	"МРК ""Буря"" выполнил стрельбу комплексом ""Панцирь-М"" на госиспытаниях на Балтике"	https://tass.ru/armiya-i-opk/16685091	Sun, 25 Dec 2022 19:07:37 +0300	Армия и ОПК
426	СМИ: в Иране задержали семь человек по подозрению в связях с британской разведкой	https://tass.ru/mezhdunarodnaya-panorama/16685099	Sun, 25 Dec 2022 19:06:17 +0300	Международная панорама
427	Калужский архив готовит виртуальную выставку в честь 200-летия Александра Островского	https://tass.ru/kultura/16685095	Sun, 25 Dec 2022 19:03:00 +0300	Культура
428	Алексею Бородину и Денису Суханову вручили памятные знаки Камерного театра	https://tass.ru/kultura/16685075	Sun, 25 Dec 2022 18:51:51 +0300	Москва
429	Баскетболистки УГМК в десятый раз выиграли Кубок России	https://tass.ru/sport/16685083	Sun, 25 Dec 2022 18:49:35 +0300	Спорт
430	В Мурманске усилили работу дорожных служб после снегопада	https://tass.ru/obschestvo/16685073	Sun, 25 Dec 2022 18:46:35 +0300	Общество
431	По всей России могут появиться центры подготовки бойцов спецназа по аналогии с чеченским	https://tass.ru/obschestvo/16685067	Sun, 25 Dec 2022 18:41:22 +0300	Общество
432	На Украине дважды за год планируют поднять тарифы на воду	https://tass.ru/ekonomika/16685061	Sun, 25 Dec 2022 18:28:09 +0300	Экономика и бизнес
433	Карл III в первом рождественском обращении к нации затронул тему экономического кризиса	https://tass.ru/mezhdunarodnaya-panorama/16685055	Sun, 25 Dec 2022 18:21:11 +0300	Международная панорама
434	Приштина запретила сербскому патриарху приехать в Косово и Метохию на Рождество	https://tass.ru/mezhdunarodnaya-panorama/16685039	Sun, 25 Dec 2022 18:17:45 +0300	Международная панорама
435	Новак считает, что Европе будет сложно заместить нефтепродукты РФ после ввода эмбарго	https://tass.ru/ekonomika/16685033	Sun, 25 Dec 2022 18:16:34 +0300	Экономика и бизнес
436	Эксперт допустил, что ВСУ учили работать с Patriot до объявления решения о поставках	https://tass.ru/mezhdunarodnaya-panorama/16685005	Sun, 25 Dec 2022 18:10:06 +0300	Международная панорама
437	Дни Петербурга в Минске планируют провести в апреле 2023 года	https://tass.ru/obschestvo/16684995	Sun, 25 Dec 2022 17:53:54 +0300	Общество
438	В Карачаево-Черкесии два победителя конкурса чтецов Корана получили путевки в хадж	https://tass.ru/obschestvo/16684969	Sun, 25 Dec 2022 17:50:12 +0300	Общество
439	СМИ сообщили о взрыве в Кабуле	https://tass.ru/proisshestviya/16684991	Sun, 25 Dec 2022 17:48:43 +0300	Происшествия
440	Два российских оператора мобильной связи начали работать в роуминге на территории ЛНР	https://tass.ru/obschestvo/16684965	Sun, 25 Dec 2022 17:45:52 +0300	Общество
441	Агент заявил, что бывший футболист ЦСКА Языджи не поменяет клуб до лета 2023 года	https://tass.ru/sport/16684959	Sun, 25 Dec 2022 17:42:54 +0300	Спорт
442	"Кириенко назвал гарантией победы РФ в СВО тот факт, что ""Родину защищают люди разной веры"""	https://tass.ru/obschestvo/16684941	Sun, 25 Dec 2022 17:40:58 +0300	Общество
443	В Карачаево-Черкесии в 2022 году на 26% перевыполнили план по вводу жилья	https://tass.ru/nedvizhimost/16684931	Sun, 25 Dec 2022 17:36:58 +0300	Общество
444	Во всех регионах Украины отменили воздушную тревогу	https://tass.ru/mezhdunarodnaya-panorama/16684953	Sun, 25 Dec 2022 17:36:54 +0300	Международная панорама
445	В Ростовскую область вывезли почти всех пострадавших с Рогозиным при обстреле в Донецке	https://tass.ru/obschestvo/16684935	Sun, 25 Dec 2022 17:34:00 +0300	Общество
446	В Калужской области новогодние елки посетили около 1 тыс. детей из семей участников СВО	https://tass.ru/obschestvo/16684921	Sun, 25 Dec 2022 17:27:29 +0300	Общество
447	В ФШР оценили шансы россиян успешно выступить на чемпионате мира по рапиду и блицу	https://tass.ru/sport/16684925	Sun, 25 Dec 2022 17:25:52 +0300	Спорт
448	В многоквартирном жилом доме в Иркутске произошел пожар	https://tass.ru/proisshestviya/16684915	Sun, 25 Dec 2022 17:24:08 +0300	Происшествия
449	Тренер олимпийской чемпионки Ступак не исключил, что лыжница пропустит весь сезон	https://tass.ru/sport/16684907	Sun, 25 Dec 2022 17:16:59 +0300	Спорт
450	В трех селах Табасаранского района Дагестана в 2023 году появятся новые скверы	https://tass.ru/nacionalnye-proekty/16684913	Sun, 25 Dec 2022 17:16:53 +0300	Северный Кавказ
451	Лыжник Большунов ответил на претензии Устюгова советом бегать по лыжне с камерой	https://tass.ru/sport/16684903	Sun, 25 Dec 2022 17:12:18 +0300	Спорт
452	"Устюгов решил завершить выступление на ""Красногорской лыжне"" после инцидента с Большуновым"	https://tass.ru/sport/16684897	Sun, 25 Dec 2022 17:06:16 +0300	Спорт
453	"Кинофестиваль на Хайнане завершился присуждением главной награды фильму ""Тренке-Лаукен"""	https://tass.ru/kultura/16684893	Sun, 25 Dec 2022 17:02:55 +0300	Культура
454	В Дагестане в 2022 году более 10 тыс. человек приняли участие в сдаче норм ГТО	https://tass.ru/obschestvo/16684885	Sun, 25 Dec 2022 16:54:07 +0300	Общество
455	"Устюгов не стал пожимать руку Большунову после финала спринта на ""Красногорской лыжне"""	https://tass.ru/sport/16684889	Sun, 25 Dec 2022 16:51:15 +0300	Спорт
456	В Индии создали фигуру Санта-Клауса шириной 18,2 м из песка и помидоров	https://tass.ru/obschestvo/16684877	Sun, 25 Dec 2022 16:50:09 +0300	Общество
457	У берегов Турции в Черном море произошел взрыв на сухогрузе	https://tass.ru/proisshestviya/16684861	Sun, 25 Dec 2022 16:44:50 +0300	Происшествия
458	В Кременчуге улице Молодогвардейцев присвоили имя главаря УПА	https://tass.ru/obschestvo/16684871	Sun, 25 Dec 2022 16:44:39 +0300	Общество
459	В Иране заявили о готовности помочь афганским женщинам получить образование	https://tass.ru/obschestvo/16684853	Sun, 25 Dec 2022 16:42:03 +0300	Общество
460	В ООН осудили решение властей в Афганистане об отстранении женщин от работы в НПО	https://tass.ru/obschestvo/16684839	Sun, 25 Dec 2022 16:36:54 +0300	Общество
461	"В ""Зените"" опровергли информацию об интересе к футболисту Языджи"	https://tass.ru/sport/16684847	Sun, 25 Dec 2022 16:34:37 +0300	Спорт
462	Новый терминал аэропорта Нового Уренгоя принял первый рейс	https://tass.ru/ekonomika/16684833	Sun, 25 Dec 2022 16:30:08 +0300	Экономика и бизнес
463	"Томская область построит бюджетные дома для участников программы ""Земский тренер"""	https://tass.ru/nedvizhimost/16684829	Sun, 25 Dec 2022 16:26:11 +0300	Общество
464	Первый авиарейс состоялся в аэропорт Великого Устюга, открытый после ремонта	https://tass.ru/ekonomika/16684807	Sun, 25 Dec 2022 16:24:31 +0300	Экономика и бизнес
465	В Тегеране заявили, что Иран находится на первом месте в мире по точности БПЛА	https://tass.ru/mezhdunarodnaya-panorama/16684819	Sun, 25 Dec 2022 16:21:29 +0300	Международная панорама
466	Готическая Валиева и новогоднее настроение. Лучшие фигуристы России показали шоу-номера	https://tass.ru/sport/16684801	Sun, 25 Dec 2022 16:19:55 +0300	Спорт
467	"Тренер Осинькин надеется, что Сычевой будет прогрессировать в ""Крыльях Советов"""	https://tass.ru/sport/16684817	Sun, 25 Dec 2022 16:17:44 +0300	Спорт
468	Лыжник Устюгов бойкотировал награждение на Кубке России из-за недовольства судейством	https://tass.ru/sport/16684799	Sun, 25 Dec 2022 16:12:53 +0300	Спорт
469	Мирошник: под Новый год в ЛНР идет большое количество подарков и помощи со всей России	https://tass.ru/obschestvo/16684751	Sun, 25 Dec 2022 16:09:29 +0300	Общество
470	Шипов не считает Карлсена безусловным фаворитом чемпионата мира по рапиду и блицу	https://tass.ru/sport/16684797	Sun, 25 Dec 2022 16:06:49 +0300	Спорт
471	В Московский регион 27 декабря придут метели	https://tass.ru/obschestvo/16684743	Sun, 25 Dec 2022 16:04:03 +0300	Москва
472	Новак заявил, что санкции ЕС неминуемо приведут к дефициту газа в регионе	https://tass.ru/ekonomika/16684781	Sun, 25 Dec 2022 16:02:19 +0300	Экономика и бизнес
473	"СМИ: Моуринью отказался возглавить сборную Португалии из-за нежелания покидать ""Рому"""	https://tass.ru/sport/16684749	Sun, 25 Dec 2022 15:57:32 +0300	Спорт
474	В Томске в 2023 году начнется строительство кампуса на 10 тыс. студентов	https://tass.ru/obschestvo/16684741	Sun, 25 Dec 2022 15:54:30 +0300	Общество
475	Прокуратура считает, что курды не были первоначальной целью расстрелявшего людей в Париже	https://tass.ru/mezhdunarodnaya-panorama/16684731	Sun, 25 Dec 2022 15:51:15 +0300	Международная панорама
476	Во всех регионах Украины вновь объявили воздушную тревогу	https://tass.ru/mezhdunarodnaya-panorama/16684725	Sun, 25 Dec 2022 15:40:18 +0300	Международная панорама
477	FT: ситуация с COVID-19 в КНР приведет к переносу заводов западных компаний в Индию	https://tass.ru/ekonomika/16684707	Sun, 25 Dec 2022 15:32:28 +0300	Экономика и бизнес
478	В Томске сдадут к лету 2023 года хирургический корпус онкодиспансера	https://tass.ru/obschestvo/16684705	Sun, 25 Dec 2022 15:28:35 +0300	Общество
479	На западе Украины произошло загрязнение Днестра нефтепродуктами	https://tass.ru/proisshestviya/16684691	Sun, 25 Dec 2022 15:27:21 +0300	Происшествия
480	"Казанский ""Зенит"" стал 11-кратным победителем Кубка России по волейболу"	https://tass.ru/sport/16684699	Sun, 25 Dec 2022 15:26:29 +0300	Спорт
481	В Ярославской области выявили факт незаконной охоты на лосей	https://tass.ru/proisshestviya/16684669	Sun, 25 Dec 2022 15:21:09 +0300	Происшествия
482	Кадыров сообщил о прибытии в Чечню Трутнева и Кириенко	https://tass.ru/obschestvo/16684671	Sun, 25 Dec 2022 15:16:44 +0300	Общество
483	В центре и на востоке Украины отменили воздушную тревогу	https://tass.ru/mezhdunarodnaya-panorama/16684677	Sun, 25 Dec 2022 15:15:20 +0300	Международная панорама
484	"В Горловке снаряд ВСУ разорвался вблизи склада селитры на заводе ""Стирол"""	https://tass.ru/proisshestviya/16684661	Sun, 25 Dec 2022 15:15:01 +0300	Происшествия
485	"Тренер ""Крыльев Советов"" Осинькин прокомментировал переход в команду футболиста Сычевого"	https://tass.ru/sport/16684659	Sun, 25 Dec 2022 15:07:33 +0300	Спорт
486	ПЦУ и Украинская греко-католическая церковь планируют реформу церковного календаря	https://tass.ru/obschestvo/16684649	Sun, 25 Dec 2022 15:02:31 +0300	Общество
487	В Приморье спасатели вызволили семь человек из снежного плена	https://tass.ru/obschestvo/16684615	Sun, 25 Dec 2022 14:48:50 +0300	Общество
488	На Урале издали первый в России перевод третьей части романа о Робинзоне Крузо	https://tass.ru/kultura/16684611	Sun, 25 Dec 2022 14:32:51 +0300	Культура
489	ВМС Китая провели патрулирование и военные учения со стрельбами около Тайваня	https://tass.ru/mezhdunarodnaya-panorama/16684607	Sun, 25 Dec 2022 14:29:59 +0300	Международная панорама
490	Фигуристка Самоделкина сообщила, что заболела гриппом	https://tass.ru/sport/16684605	Sun, 25 Dec 2022 14:29:31 +0300	Спорт
491	На востоке и в центре Украины вновь объявили воздушную тревогу	https://tass.ru/mezhdunarodnaya-panorama/16684599	Sun, 25 Dec 2022 14:27:57 +0300	Международная панорама
492	Хайнань опубликовал список компаний с упрощенной регистрацией на основе обязательства	https://tass.ru/ekonomika/16684595	Sun, 25 Dec 2022 14:24:11 +0300	Экономика и бизнес
493	Судно с партией российских удобрений на борту зашло из-за шторма в порт Гкеберхи в ЮАР	https://tass.ru/ekonomika/16684583	Sun, 25 Dec 2022 14:23:02 +0300	Экономика и бизнес
494	В ЮАР число погибших при взрыве бензовоза выросло до 15	https://tass.ru/proisshestviya/16684579	Sun, 25 Dec 2022 14:22:42 +0300	Происшествия
495	Новак: рост экспорта нефти РФ сможет компенсировать снижение переработки из-за эмбарго ЕС	https://tass.ru/ekonomika/16684535	Sun, 25 Dec 2022 14:19:41 +0300	Экономика и бизнес
496	В Орловской области впервые представят работы Рериха из собрания Русского музея	https://tass.ru/kultura/16684433	Sun, 25 Dec 2022 14:15:46 +0300	Культура
497	Тяжелая техника пробила дорогу в поселок Ольга в Приморье для экстренных служб и снабжения	https://tass.ru/obschestvo/16684485	Sun, 25 Dec 2022 14:12:36 +0300	Общество
498	Новак: РФ в 2023 году добудет не менее 490-500 млн тонн нефти в условиях нового эмбарго	https://tass.ru/ekonomika/16684529	Sun, 25 Dec 2022 14:11:57 +0300	Экономика и бизнес
